id,name,time,magnitude,depth,location,latitude,longitude,intensity,description
eq_1,甘肃5.1级地震,2022-03-07 02:58:47,5.1,21.3,甘肃,32.6994,107.149,Ⅲ-Ⅳ,甘肃地区发生5.1级地震，震源深度21.3公里，周边地区有震感。
eq_2,海南6.3级地震,2023-10-04 06:04:06,6.3,32.9,海南,18.9022,108.6097,Ⅳ,"海南发生6.3级地震，震源深度32.9公里，震中位于18.90°N, 108.61°E。"
eq_3,金华3.2级地震,2021-07-07 20:25:12,3.2,83.8,金华,36.5488,84.4199,Ⅱ,金华地区发生3.2级地震，震源深度83.8公里，震感明显。
eq_4,台湾3.7级地震,2024-11-21 19:25:54,3.7,30.6,台湾,22.492,119.5488,Ⅱ-Ⅲ,台湾地区发生3.7级地震，震源深度30.6公里，震感明显。
eq_5,淮安5.6级地震,2023-05-20 12:02:38,5.6,20.8,淮安,51.7084,103.2746,Ⅲ-Ⅳ,此次地震发生在淮安地区，震源深度20.8公里，震级5.6级，属于强震。
eq_6,青海4.0级地震,2024-01-04 00:03:11,4.0,26.3,青海,34.2147,95.8333,Ⅱ-Ⅲ,青海地区发生4.0级地震，震源深度26.3公里，属于中震。
eq_7,台湾4.6级地震,2021-05-21 23:32:05,4.6,6.3,台湾,21.882,119.4689,Ⅲ-Ⅳ,台湾地区发生4.6级地震，震源深度6.3公里，震感明显。
eq_8,松原5.5级地震,2025-12-25 20:46:43,5.5,5.0,松原,43.487,131.3637,Ⅳ,松原地区发生5.5级地震，震源深度5公里，属于强震。
eq_9,辽宁7.1级地震,2025-11-06 22:45:04,7.1,5.0,辽宁,42.4971,121.7082,Ⅴ,据中国地震台网测定，辽宁于2025-11-06 22:45:04发生7.1级地震，震源深度5公里。
eq_10,临沧5.4级地震,2024-12-30 07:04:18,5.4,5.0,临沧,33.9962,89.8864,Ⅳ,"临沧发生5.4级地震，震源深度5公里，震中位于34.00°N, 89.89°E。"
eq_11,吉林1.8级地震,2024-07-20 12:00:40,1.8,5.0,吉林,41.3666,125.1758,Ⅱ,吉林地区发生1.8级地震，震源深度5公里，周边地区有震感。
eq_12,鹰潭2.1级地震,2026-01-23 03:54:11,2.1,5.0,鹰潭,41.7276,121.7582,Ⅱ-Ⅲ,鹰潭地区发生2.1级地震，震源深度5公里，属于微震。
eq_13,山东6.8级地震,2024-05-07 04:04:46,6.8,5.0,山东,38.6685,114.54,Ⅳ-Ⅴ,山东发生6.8级地震，震源深度5公里，震中位于山东市附近。
eq_14,汕头3.0级地震,2023-10-18 21:42:10,3.0,24.0,汕头,22.9058,114.6366,Ⅱ,汕头地区发生3.0级地震，震源深度24.0公里，属于小震。
eq_15,贵州4.9级地震,2022-03-15 20:48:57,4.9,17.7,贵州,26.7717,105.6725,Ⅲ-Ⅳ,贵州地区发生4.9级地震，震源深度17.7公里，周边地区有震感。
eq_16,浙江6.1级地震,2025-06-08 19:39:33,6.1,65.3,浙江,31.9186,122.9434,Ⅲ-Ⅳ,浙江地区发生6.1级地震，震源深度65.3公里，震感明显。
eq_17,抚州2.7级地震,2023-12-10 08:12:52,2.7,5.0,抚州,23.0858,116.4879,Ⅱ-Ⅲ,此次地震发生在抚州地区，震源深度5公里，震级2.7级，属于微震。
eq_18,大渡口5.1级地震,2024-11-24 18:57:30,5.1,5.0,大渡口,39.2621,118.4861,Ⅳ,大渡口地区发生5.1级地震，震源深度5公里，周边地区有震感。
eq_19,抚顺3.8级地震,2023-10-20 05:48:09,3.8,5.0,抚顺,33.0525,105.0299,Ⅲ,抚顺地区发生3.8级地震，震源深度5公里，周边地区有震感。
eq_20,鄂尔多斯0.5级地震,2022-11-03 20:43:47,0.5,46.0,鄂尔多斯,29.224,104.9846,Ⅰ,鄂尔多斯发生0.5级地震，震源深度46.0公里，目前暂无人员伤亡报告。
eq_21,普洱4.0级地震,2022-12-02 14:04:00,4.0,20.0,普洱,29.6367,81.5829,Ⅲ,普洱地区发生4.0级地震，震源深度20.0公里，震感明显。
eq_22,鹤岗4.2级地震,2024-02-05 18:15:46,4.2,10.3,鹤岗,37.6294,96.9534,Ⅲ,鹤岗发生4.2级地震，震源深度10.3公里，目前暂无人员伤亡报告。
eq_23,益阳4.3级地震,2024-11-11 07:57:20,4.3,22.0,益阳,31.4288,120.7151,Ⅲ,益阳地区发生4.3级地震，震源深度22.0公里，震感明显。
eq_24,北碚4.8级地震,2023-06-13 23:37:07,4.8,11.5,北碚,24.4388,121.1587,Ⅲ-Ⅳ,据中国地震台网测定，北碚于2023-06-13 23:37:07发生4.8级地震，震源深度11.5公里。
eq_25,青岛4.6级地震,2021-11-24 07:13:27,4.6,5.0,青岛,37.51,113.0439,Ⅲ-Ⅳ,"青岛发生4.6级地震，震源深度5公里，震中位于37.51°N, 113.04°E。"
eq_26,江苏2.9级地震,2021-08-02 03:38:53,2.9,47.6,江苏,31.3116,121.3622,Ⅱ,江苏地区发生2.9级地震，震源深度47.6公里，震感明显。
eq_27,山西5.1级地震,2021-12-22 08:47:56,5.1,12.5,山西,37.9073,111.8592,Ⅲ-Ⅳ,山西地区发生5.1级地震，震源深度12.5公里，属于强震。
eq_28,威海4.8级地震,2024-02-24 21:35:24,4.8,30.4,威海,28.2891,97.1778,Ⅲ,威海地区发生4.8级地震，震源深度30.4公里，周边地区有震感。
eq_29,湘潭2.8级地震,2022-02-21 04:52:07,2.8,9.9,湘潭,31.8192,112.5579,Ⅱ-Ⅲ,据中国地震台网测定，湘潭于2022-02-21 04:52:07发生2.8级地震，震源深度9.9公里。
eq_30,湖北2.9级地震,2023-07-03 20:43:47,2.9,5.0,湖北,31.1308,115.6849,Ⅱ-Ⅲ,湖北发生2.9级地震，震源深度5公里，震中位于湖北市附近。
eq_31,邯郸5.7级地震,2021-08-30 07:11:04,5.7,5.0,邯郸,29.2157,113.3797,Ⅳ,邯郸地区发生5.7级地震，震源深度5公里，属于强震。
eq_32,温州3.5级地震,2023-04-02 04:43:44,3.5,13.5,温州,38.0363,92.79,Ⅱ-Ⅲ,"温州发生3.5级地震，震源深度13.5公里，震中位于38.04°N, 92.79°E。"
eq_33,新疆5.0级地震,2025-01-13 23:26:37,5.0,42.5,新疆,43.3777,77.7958,Ⅲ,据中国地震台网测定，新疆于2025-01-13 23:26:37发生5.0级地震，震源深度42.5公里。
eq_34,内蒙古3.3级地震,2023-01-27 08:32:05,3.3,51.9,内蒙古,51.0199,118.7865,Ⅱ,此次地震发生在内蒙古地区，震源深度51.9公里，震级3.3级，属于小震。
eq_35,漳州2.8级地震,2021-07-01 16:54:19,2.8,31.1,漳州,24.271,110.4544,Ⅱ,漳州地区发生2.8级地震，震源深度31.1公里，震感明显。
eq_36,重庆5.2级地震,2023-01-14 15:14:19,5.2,16.2,重庆,29.9965,105.7965,Ⅲ-Ⅳ,重庆地区发生5.2级地震，震源深度16.2公里，属于强震。
eq_37,台南4.2级地震,2021-10-31 02:28:02,4.2,5.0,台南,25.9695,117.5437,Ⅲ-Ⅳ,此次地震发生在台南地区，震源深度5公里，震级4.2级，属于中震。
eq_38,酒泉3.6级地震,2022-01-24 07:35:43,3.6,42.4,酒泉,38.9931,117.8164,Ⅱ-Ⅲ,酒泉发生3.6级地震，震源深度42.4公里，目前暂无人员伤亡报告。
eq_39,焦作5.5级地震,2024-11-01 05:53:08,5.5,5.0,焦作,30.3995,114.0788,Ⅳ,焦作地区发生5.5级地震，震源深度5公里，周边地区有震感。
eq_40,吉林4.1级地震,2024-07-27 10:35:31,4.1,32.2,吉林,44.9845,128.486,Ⅱ-Ⅲ,吉林发生4.1级地震，震源深度32.2公里，震中位于吉林市附近。
eq_41,山西4.0级地震,2025-06-08 05:29:57,4.0,62.2,山西,36.3574,110.9885,Ⅱ-Ⅲ,"山西发生4.0级地震，震源深度62.2公里，震中位于36.36°N, 110.99°E。"
eq_42,新乡3.5级地震,2022-01-29 10:26:36,3.5,14.1,新乡,32.5457,116.4072,Ⅱ-Ⅲ,此次地震发生在新乡地区，震源深度14.1公里，震级3.5级，属于小震。
eq_43,盐城2.5级地震,2021-12-17 10:49:33,2.5,9.7,盐城,23.0584,98.0095,Ⅱ-Ⅲ,盐城地区发生2.5级地震，震源深度9.7公里，震感明显。
eq_44,绍兴4.1级地震,2025-04-02 08:30:41,4.1,5.0,绍兴,37.6287,111.4721,Ⅲ-Ⅳ,此次地震发生在绍兴地区，震源深度5公里，震级4.1级，属于中震。
eq_45,包头2.7级地震,2023-07-24 19:28:14,2.7,64.8,包头,39.8146,116.7366,Ⅰ-Ⅱ,据中国地震台网测定，包头于2023-07-24 19:28:14发生2.7级地震，震源深度64.8公里。
eq_46,郑州3.6级地震,2021-05-21 00:53:51,3.6,57.6,郑州,31.1015,108.4238,Ⅱ,此次地震发生在郑州地区，震源深度57.6公里，震级3.6级，属于小震。
eq_47,郴州3.9级地震,2021-10-27 07:20:46,3.9,56.8,郴州,45.0917,93.9864,Ⅱ-Ⅲ,"郴州发生3.9级地震，震源深度56.8公里，震中位于45.09°N, 93.99°E。"
eq_48,重庆4.5级地震,2023-03-20 22:08:20,4.5,5.0,重庆,29.2128,107.3943,Ⅲ-Ⅳ,此次地震发生在重庆地区，震源深度5公里，震级4.5级，属于中震。
eq_49,桃园6.0级地震,2023-08-27 07:49:16,6.0,5.0,桃园,23.8632,104.7026,Ⅳ,桃园地区发生6.0级地震，震源深度5公里，属于大地震。
eq_50,雅安4.8级地震,2023-08-20 23:59:54,4.8,5.0,雅安,44.5064,83.9568,Ⅲ-Ⅳ,据中国地震台网测定，雅安于2023-08-20 23:59:54发生4.8级地震，震源深度5公里。
eq_51,宁夏4.1级地震,2025-12-09 06:50:19,4.1,5.0,宁夏,35.8229,105.2426,Ⅲ-Ⅳ,据中国地震台网测定，宁夏于2025-12-09 06:50:19发生4.1级地震，震源深度5公里。
eq_52,三明3.4级地震,2024-10-28 13:29:06,3.4,59.8,三明,34.0099,99.7768,Ⅱ,三明地区发生3.4级地震，震源深度59.8公里，属于小震。
eq_53,台州3.6级地震,2021-08-06 19:54:13,3.6,5.0,台州,36.6201,119.6653,Ⅲ,台州发生3.6级地震，震源深度5公里，震中位于台州市附近。
eq_54,九龙坡4.9级地震,2022-11-21 00:06:57,4.9,27.0,九龙坡,33.0706,113.6953,Ⅲ,九龙坡地区发生4.9级地震，震源深度27.0公里，属于中震。
eq_55,运城5.3级地震,2025-09-05 12:20:43,5.3,5.0,运城,23.7343,108.7846,Ⅳ,运城地区发生5.3级地震，震源深度5公里，震感明显。
eq_56,和田2.6级地震,2025-09-25 08:39:42,2.6,5.0,和田,34.6381,112.0406,Ⅱ-Ⅲ,和田发生2.6级地震，震源深度5公里，震中位于和田市附近。
eq_57,通辽3.9级地震,2025-07-16 02:34:48,3.9,35.7,通辽,40.2677,114.5575,Ⅱ-Ⅲ,通辽地区发生3.9级地震，震源深度35.7公里，周边地区有震感。
eq_58,阳泉2.5级地震,2026-01-11 19:35:59,2.5,64.0,阳泉,25.8239,117.4067,Ⅰ-Ⅱ,阳泉发生2.5级地震，震源深度64.0公里，震中位于阳泉市附近。
eq_59,福建3.8级地震,2024-04-22 21:46:33,3.8,9.6,福建,25.1908,116.3576,Ⅲ,此次地震发生在福建地区，震源深度9.6公里，震级3.8级，属于小震。
eq_60,七台河1.3级地震,2021-03-20 16:45:23,1.3,47.8,七台河,30.071,114.4059,Ⅰ,据中国地震台网测定，七台河于2021-03-20 16:45:23发生1.3级地震，震源深度47.8公里。
eq_61,北京6.7级地震,2023-06-05 18:55:29,6.7,40.5,北京,39.3169,117.7347,Ⅳ,北京地区发生6.7级地震，震源深度40.5公里，周边地区有震感。
eq_62,湖州4.7级地震,2023-03-26 15:36:48,4.7,29.8,湖州,31.4881,114.1782,Ⅲ,湖州地区发生4.7级地震，震源深度29.8公里，属于中震。
eq_63,荆门4.9级地震,2021-06-28 15:03:41,4.9,32.5,荆门,24.6121,113.8033,Ⅲ,荆门地区发生4.9级地震，震源深度32.5公里，震感明显。
eq_64,烟台4.5级地震,2022-06-20 02:17:35,4.5,5.0,烟台,33.0267,118.557,Ⅲ-Ⅳ,据中国地震台网测定，烟台于2022-06-20 02:17:35发生4.5级地震，震源深度5公里。
eq_65,贵州4.7级地震,2024-07-04 02:19:27,4.7,6.0,贵州,29.8259,103.5124,Ⅲ-Ⅳ,此次地震发生在贵州地区，震源深度6.0公里，震级4.7级，属于中震。
eq_66,黑龙江3.2级地震,2025-06-02 11:52:06,3.2,5.0,黑龙江,45.9943,126.6788,Ⅲ,"黑龙江发生3.2级地震，震源深度5公里，震中位于45.99°N, 126.68°E。"
eq_67,荆门3.9级地震,2025-06-22 12:44:41,3.9,71.7,荆门,42.5073,129.654,Ⅱ-Ⅲ,荆门地区发生3.9级地震，震源深度71.7公里，属于小震。
eq_68,铜川5.3级地震,2021-12-03 13:59:57,5.3,37.0,铜川,28.325,116.0461,Ⅲ,铜川发生5.3级地震，震源深度37.0公里，震中位于铜川市附近。
eq_69,襄阳5.6级地震,2025-10-25 23:09:42,5.6,5.0,襄阳,24.5566,108.6518,Ⅳ,襄阳发生5.6级地震，震源深度5公里，震中位于襄阳市附近。
eq_70,嘉峪关3.1级地震,2022-11-28 19:40:48,3.1,17.6,嘉峪关,36.2853,113.887,Ⅱ-Ⅲ,据中国地震台网测定，嘉峪关于2022-11-28 19:40:48发生3.1级地震，震源深度17.6公里。
eq_71,贵港3.1级地震,2026-01-19 01:41:38,3.1,5.0,贵港,23.3588,104.4904,Ⅲ,据中国地震台网测定，贵港于2026-01-19 01:41:38发生3.1级地震，震源深度5公里。
eq_72,齐齐哈尔3.6级地震,2022-08-03 19:11:04,3.6,9.3,齐齐哈尔,48.5459,126.0964,Ⅲ,据中国地震台网测定，齐齐哈尔于2022-08-03 19:11:04发生3.6级地震，震源深度9.3公里。
eq_73,曲靖3.2级地震,2025-05-17 18:52:22,3.2,51.6,曲靖,23.9798,120.6256,Ⅱ,曲靖地区发生3.2级地震，震源深度51.6公里，周边地区有震感。
eq_74,南通1.9级地震,2023-07-02 00:11:15,1.9,10.0,南通,42.0662,96.54,Ⅱ,南通地区发生1.9级地震，震源深度10.0公里，震感明显。
eq_75,基隆2.4级地震,2021-05-05 01:37:29,2.4,44.8,基隆,31.6739,121.8964,Ⅰ-Ⅱ,基隆地区发生2.4级地震，震源深度44.8公里，属于微震。
eq_76,浙江4.9级地震,2025-03-28 02:44:57,4.9,5.0,浙江,27.9138,121.3776,Ⅲ-Ⅳ,"浙江发生4.9级地震，震源深度5公里，震中位于27.91°N, 121.38°E。"
eq_77,曲靖3.9级地震,2023-08-27 23:11:47,3.9,16.3,曲靖,30.7357,116.6668,Ⅲ,据中国地震台网测定，曲靖于2023-08-27 23:11:47发生3.9级地震，震源深度16.3公里。
eq_78,黔南5.0级地震,2026-01-09 03:36:24,5.0,42.6,黔南,36.3718,113.5782,Ⅲ,黔南地区发生5.0级地震，震源深度42.6公里，震感明显。
eq_79,宁夏3.1级地震,2025-07-07 22:13:07,3.1,5.0,宁夏,36.9199,105.1596,Ⅲ,宁夏发生3.1级地震，震源深度5公里，目前暂无人员伤亡报告。
eq_80,鞍山4.1级地震,2023-07-04 16:28:10,4.1,5.5,鞍山,32.9138,119.6392,Ⅲ,此次地震发生在鞍山地区，震源深度5.5公里，震级4.1级，属于中震。
eq_81,铜川2.7级地震,2024-05-05 08:56:00,2.7,16.1,铜川,24.5463,118.3638,Ⅱ,铜川发生2.7级地震，震源深度16.1公里，震中位于铜川市附近。
eq_82,廊坊3.1级地震,2023-03-01 08:58:30,3.1,32.5,廊坊,28.3227,98.0148,Ⅱ,廊坊发生3.1级地震，震源深度32.5公里，震中位于廊坊市附近。
eq_83,荆州4.6级地震,2024-07-27 11:47:40,4.6,40.8,荆州,43.8846,122.7368,Ⅲ,荆州地区发生4.6级地震，震源深度40.8公里，属于中震。
eq_84,吉林4.7级地震,2022-11-04 13:42:49,4.7,62.7,吉林,40.3774,127.9952,Ⅲ,吉林发生4.7级地震，震源深度62.7公里，震中位于吉林市附近。
eq_85,泰安4.9级地震,2022-07-22 10:08:40,4.9,16.2,泰安,27.6102,112.2802,Ⅲ-Ⅳ,据中国地震台网测定，泰安于2022-07-22 10:08:40发生4.9级地震，震源深度16.2公里。
eq_86,白银2.0级地震,2022-08-02 18:00:11,2.0,44.6,白银,31.9494,108.7423,Ⅰ-Ⅱ,白银发生2.0级地震，震源深度44.6公里，震中位于白银市附近。
eq_87,天津4.7级地震,2021-05-01 18:41:53,4.7,19.0,天津,40.4682,117.0096,Ⅲ,天津发生4.7级地震，震源深度19.0公里，目前暂无人员伤亡报告。
eq_88,大庆2.4级地震,2023-05-26 03:26:28,2.4,34.0,大庆,36.2491,114.2534,Ⅱ,大庆发生2.4级地震，震源深度34.0公里，目前暂无人员伤亡报告。
eq_89,北海3.7级地震,2021-07-05 02:01:34,3.7,36.7,北海,32.7233,112.4845,Ⅱ-Ⅲ,"北海发生3.7级地震，震源深度36.7公里，震中位于32.72°N, 112.48°E。"
eq_90,泰安3.7级地震,2025-01-14 00:12:27,3.7,5.0,泰安,31.8467,112.5244,Ⅲ,据中国地震台网测定，泰安于2025-01-14 00:12:27发生3.7级地震，震源深度5公里。
eq_91,宁夏4.2级地震,2022-01-01 20:05:26,4.2,5.0,宁夏,39.1187,106.6737,Ⅲ-Ⅳ,此次地震发生在宁夏地区，震源深度5公里，震级4.2级，属于中震。
eq_92,济南3.4级地震,2022-12-04 04:05:20,3.4,5.0,济南,29.4257,114.1323,Ⅲ,济南地区发生3.4级地震，震源深度5公里，震感明显。
eq_93,佛山4.1级地震,2022-04-03 21:13:24,4.1,28.6,佛山,26.092,100.9844,Ⅱ-Ⅲ,佛山地区发生4.1级地震，震源深度28.6公里，属于中震。
eq_94,绍兴4.1级地震,2022-08-04 14:48:52,4.1,5.0,绍兴,40.1125,116.5877,Ⅲ-Ⅳ,绍兴发生4.1级地震，震源深度5公里，目前暂无人员伤亡报告。
eq_95,萍乡4.7级地震,2025-09-13 21:32:10,4.7,43.5,萍乡,31.5638,100.6266,Ⅲ,此次地震发生在萍乡地区，震源深度43.5公里，震级4.7级，属于中震。
eq_96,台湾3.5级地震,2024-08-14 23:49:47,3.5,8.1,台湾,23.4624,119.3436,Ⅲ,台湾地区发生3.5级地震，震源深度8.1公里，属于小震。
eq_97,张家界5.0级地震,2022-01-14 21:45:49,5.0,5.5,张家界,29.0485,113.2879,Ⅲ-Ⅳ,张家界发生5.0级地震，震源深度5.5公里，震中位于张家界市附近。
eq_98,重庆4.4级地震,2023-09-17 10:28:12,4.4,14.3,重庆,37.8088,106.3904,Ⅲ,重庆地区发生4.4级地震，震源深度14.3公里，周边地区有震感。
eq_99,青海5.5级地震,2023-08-19 01:55:14,5.5,30.5,青海,36.6467,102.8682,Ⅲ-Ⅳ,青海发生5.5级地震，震源深度30.5公里，目前暂无人员伤亡报告。
eq_100,宜昌3.8级地震,2024-02-05 13:04:28,3.8,54.7,宜昌,46.7914,84.8158,Ⅱ-Ⅲ,宜昌地区发生3.8级地震，震源深度54.7公里，震感明显。
eq_101,黑龙江2.6级地震,2018-11-15 10:35:38,2.6,90.3,黑龙江,44.8367,122.9535,Ⅱ,黑龙江地区发生2.6级地震，震源深度90.3公里，周边震感因烈度而异。
eq_102,内蒙古5.9级地震,2018-10-19 02:25:25,5.9,67.7,内蒙古,44.9716,97.9217,Ⅳ,内蒙古地区发生5.9级地震，震源深度67.7公里，周边震感因烈度而异。
eq_103,台湾3.2级地震,2023-12-19 22:34:48,3.2,74.2,台湾,23.745,121.6481,Ⅱ,台湾地区发生3.2级地震，震源深度74.2公里，周边震感因烈度而异。
eq_104,海南4.2级地震,2024-06-15 12:46:40,4.2,56.7,海南,18.612,110.6733,Ⅲ,海南地区发生4.2级地震，震源深度56.7公里，周边震感因烈度而异。
eq_105,福建2.8级地震,2024-06-30 02:14:54,2.8,53.6,福建,24.8894,116.9689,Ⅱ,福建地区发生2.8级地震，震源深度53.6公里，周边震感因烈度而异。
eq_106,宁夏2.5级地震,2020-04-01 20:06:18,2.5,48.7,宁夏,36.4359,105.0319,Ⅱ,宁夏地区发生2.5级地震，震源深度48.7公里，周边震感因烈度而异。
eq_107,福建2.2级地震,2018-09-02 19:46:06,2.2,57.8,福建,24.1241,120.1503,Ⅰ,福建地区发生2.2级地震，震源深度57.8公里，周边震感因烈度而异。
eq_108,海南3.5级地震,2019-08-21 10:04:34,3.5,77.3,海南,19.948,109.4041,Ⅱ-Ⅲ,海南地区发生3.5级地震，震源深度77.3公里，周边震感因烈度而异。
eq_109,江苏2.4级地震,2025-04-11 09:06:42,2.4,81.0,江苏,34.3653,121.9113,Ⅰ,江苏地区发生2.4级地震，震源深度81.0公里，周边震感因烈度而异。
eq_110,河北6.5级地震,2019-05-21 08:22:06,6.5,48.7,河北,38.7205,118.8388,Ⅳ-Ⅴ,河北地区发生6.5级地震，震源深度48.7公里，周边震感因烈度而异。
eq_111,山东3.8级地震,2018-08-10 20:09:25,3.8,82.1,山东,37.1582,119.7848,Ⅱ-Ⅲ,山东地区发生3.8级地震，震源深度82.1公里，周边震感因烈度而异。
eq_112,吉林5.3级地震,2020-04-18 16:46:07,5.3,66.4,吉林,41.8465,125.6226,Ⅳ,吉林地区发生5.3级地震，震源深度66.4公里，周边震感因烈度而异。
eq_113,黑龙江5.6级地震,2018-06-23 19:02:08,5.6,30.3,黑龙江,45.4321,131.7564,Ⅳ,黑龙江地区发生5.6级地震，震源深度30.3公里，周边震感因烈度而异。
eq_114,河北6.3级地震,2025-10-08 00:21:50,6.3,97.6,河北,38.407,113.4633,Ⅳ-Ⅴ,河北地区发生6.3级地震，震源深度97.6公里，周边震感因烈度而异。
eq_115,辽宁6.6级地震,2025-10-12 09:36:38,6.6,41.2,辽宁,41.7772,120.9672,Ⅳ-Ⅴ,辽宁地区发生6.6级地震，震源深度41.2公里，周边震感因烈度而异。
eq_116,黑龙江4.4级地震,2020-03-27 07:26:03,4.4,35.5,黑龙江,44.8497,128.8592,Ⅲ,黑龙江地区发生4.4级地震，震源深度35.5公里，周边震感因烈度而异。
eq_117,浙江5.0级地震,2019-03-06 18:45:44,5.0,108.2,浙江,28.7973,119.0966,Ⅳ,浙江地区发生5.0级地震，震源深度108.2公里，周边震感因烈度而异。
eq_118,广西4.6级地震,2019-05-13 01:07:20,4.6,91.9,广西,25.7361,105.2227,Ⅲ-Ⅳ,广西地区发生4.6级地震，震源深度91.9公里，周边震感因烈度而异。
eq_119,福建5.5级地震,2021-12-25 04:19:44,5.5,73.6,福建,25.4238,118.6815,Ⅳ,福建地区发生5.5级地震，震源深度73.6公里，周边震感因烈度而异。
eq_120,广西3.3级地震,2018-12-22 21:35:48,3.3,68.6,广西,26.1834,109.4423,Ⅱ,广西地区发生3.3级地震，震源深度68.6公里，周边震感因烈度而异。
eq_121,内蒙古6.6级地震,2020-06-30 20:57:20,6.6,91.4,内蒙古,47.3761,106.8651,Ⅳ-Ⅴ,内蒙古地区发生6.6级地震，震源深度91.4公里，周边震感因烈度而异。
eq_122,重庆2.8级地震,2022-04-05 06:24:21,2.8,5.4,重庆,30.8884,108.5984,Ⅱ,重庆地区发生2.8级地震，震源深度5.4公里，周边震感因烈度而异。
eq_123,安徽2.9级地震,2023-06-09 03:31:38,2.9,110.0,安徽,33.7879,115.843,Ⅱ,安徽地区发生2.9级地震，震源深度110.0公里，周边震感因烈度而异。
eq_124,广西5.2级地震,2024-08-16 02:35:52,5.2,22.6,广西,25.1938,108.315,Ⅳ,广西地区发生5.2级地震，震源深度22.6公里，周边震感因烈度而异。
eq_125,广西6.8级地震,2021-02-01 17:48:27,6.8,73.9,广西,23.6873,104.8949,Ⅳ-Ⅴ,广西地区发生6.8级地震，震源深度73.9公里，周边震感因烈度而异。
eq_126,湖北7.1级地震,2022-10-29 17:11:58,7.1,97.8,湖北,30.0775,110.0474,Ⅴ,湖北地区发生7.1级地震，震源深度97.8公里，周边震感因烈度而异。
eq_127,青海2.4级地震,2024-07-07 08:45:15,2.4,60.9,青海,31.5537,99.6484,Ⅰ,青海地区发生2.4级地震，震源深度60.9公里，周边震感因烈度而异。
eq_128,新疆2.7级地震,2025-06-03 13:19:21,2.7,59.7,新疆,42.2471,79.0963,Ⅱ,新疆地区发生2.7级地震，震源深度59.7公里，周边震感因烈度而异。
eq_129,吉林4.2级地震,2019-09-17 22:54:37,4.2,29.4,吉林,43.4661,128.2993,Ⅲ,吉林地区发生4.2级地震，震源深度29.4公里，周边震感因烈度而异。
eq_130,江苏3.6级地震,2022-05-28 01:15:07,3.6,119.4,江苏,33.7494,118.6286,Ⅱ-Ⅲ,江苏地区发生3.6级地震，震源深度119.4公里，周边震感因烈度而异。
eq_131,贵州2.6级地震,2019-12-16 22:35:53,2.6,30.8,贵州,25.8595,106.824,Ⅱ,贵州地区发生2.6级地震，震源深度30.8公里，周边震感因烈度而异。
eq_132,辽宁3.1级地震,2025-09-14 01:00:34,3.1,13.2,辽宁,41.6555,119.7171,Ⅱ,辽宁地区发生3.1级地震，震源深度13.2公里，周边震感因烈度而异。
eq_133,云南6.5级地震,2019-10-28 14:39:15,6.5,13.1,云南,22.904,103.3518,Ⅳ-Ⅴ,云南地区发生6.5级地震，震源深度13.1公里，周边震感因烈度而异。
eq_134,海南2.7级地震,2024-09-03 17:27:53,2.7,112.6,海南,19.2563,109.6817,Ⅱ,海南地区发生2.7级地震，震源深度112.6公里，周边震感因烈度而异。
eq_135,广东6.2级地震,2021-08-09 00:18:41,6.2,26.9,广东,20.5331,112.6639,Ⅳ-Ⅴ,广东地区发生6.2级地震，震源深度26.9公里，周边震感因烈度而异。
eq_136,重庆4.4级地震,2018-11-02 18:34:06,4.4,88.8,重庆,30.6935,109.9208,Ⅲ,重庆地区发生4.4级地震，震源深度88.8公里，周边震感因烈度而异。
eq_137,云南4.1级地震,2019-08-14 23:00:14,4.1,44.0,云南,27.8934,99.9893,Ⅲ,云南地区发生4.1级地震，震源深度44.0公里，周边震感因烈度而异。
eq_138,海南4.3级地震,2025-11-08 11:40:23,4.3,53.5,海南,18.6128,109.1245,Ⅲ,海南地区发生4.3级地震，震源深度53.5公里，周边震感因烈度而异。
eq_139,青海4.3级地震,2022-08-07 13:09:28,4.3,104.1,青海,35.4026,89.7082,Ⅲ,青海地区发生4.3级地震，震源深度104.1公里，周边震感因烈度而异。
eq_140,江西2.1级地震,2021-06-16 16:25:43,2.1,15.7,江西,28.6446,114.3001,Ⅰ,江西地区发生2.1级地震，震源深度15.7公里，周边震感因烈度而异。
eq_141,广东4.5级地震,2018-01-07 16:42:58,4.5,104.4,广东,24.9634,110.3994,Ⅲ-Ⅳ,广东地区发生4.5级地震，震源深度104.4公里，周边震感因烈度而异。
eq_142,河南3.4级地震,2024-03-19 14:25:27,3.4,95.2,河南,33.5025,112.7495,Ⅱ,河南地区发生3.4级地震，震源深度95.2公里，周边震感因烈度而异。
eq_143,福建4.9级地震,2018-07-01 16:49:49,4.9,87.6,福建,24.274,117.3352,Ⅲ-Ⅳ,福建地区发生4.9级地震，震源深度87.6公里，周边震感因烈度而异。
eq_144,辽宁5.8级地震,2022-01-21 07:55:42,5.8,12.0,辽宁,40.068,118.3761,Ⅳ,辽宁地区发生5.8级地震，震源深度12.0公里，周边震感因烈度而异。
eq_145,广西6.8级地震,2025-03-30 00:42:05,6.8,66.1,广西,21.3128,108.0626,Ⅳ-Ⅴ,广西地区发生6.8级地震，震源深度66.1公里，周边震感因烈度而异。
eq_146,甘肃2.4级地震,2025-07-29 00:38:01,2.4,12.8,甘肃,41.48,98.4604,Ⅰ,甘肃地区发生2.4级地震，震源深度12.8公里，周边震感因烈度而异。
eq_147,辽宁3.3级地震,2022-12-19 09:45:36,3.3,73.4,辽宁,41.5969,121.1442,Ⅱ,辽宁地区发生3.3级地震，震源深度73.4公里，周边震感因烈度而异。
eq_148,辽宁4.7级地震,2020-01-12 13:42:53,4.7,112.5,辽宁,39.5213,123.3714,Ⅲ-Ⅳ,辽宁地区发生4.7级地震，震源深度112.5公里，周边震感因烈度而异。
eq_149,山西4.1级地震,2024-05-24 23:04:47,4.1,82.2,山西,36.1,111.5809,Ⅲ,山西地区发生4.1级地震，震源深度82.2公里，周边震感因烈度而异。
eq_150,青海2.0级地震,2022-07-29 08:55:36,2.0,76.4,青海,35.5039,90.3997,Ⅰ,青海地区发生2.0级地震，震源深度76.4公里，周边震感因烈度而异。
eq_151,台湾4.6级地震,2020-01-29 23:09:58,4.6,20.2,台湾,22.896,119.7064,Ⅲ-Ⅳ,台湾地区发生4.6级地震，震源深度20.2公里，周边震感因烈度而异。
eq_152,山东3.5级地震,2024-11-12 13:44:01,3.5,55.4,山东,36.4445,117.1176,Ⅱ-Ⅲ,山东地区发生3.5级地震，震源深度55.4公里，周边震感因烈度而异。
eq_153,黑龙江4.8级地震,2018-11-18 19:58:09,4.8,81.8,黑龙江,47.1595,134.0446,Ⅲ-Ⅳ,黑龙江地区发生4.8级地震，震源深度81.8公里，周边震感因烈度而异。
eq_154,湖北2.7级地震,2020-04-26 03:45:17,2.7,18.3,湖北,29.4817,112.7024,Ⅱ,湖北地区发生2.7级地震，震源深度18.3公里，周边震感因烈度而异。
eq_155,陕西5.1级地震,2020-03-31 04:03:58,5.1,87.5,陕西,32.8324,108.8054,Ⅳ,陕西地区发生5.1级地震，震源深度87.5公里，周边震感因烈度而异。
eq_156,广西4.5级地震,2021-08-09 00:05:55,4.5,109.1,广西,25.6536,104.7384,Ⅲ-Ⅳ,广西地区发生4.5级地震，震源深度109.1公里，周边震感因烈度而异。
eq_157,江西3.4级地震,2020-03-24 20:48:01,3.4,5.4,江西,28.7412,116.5041,Ⅱ,江西地区发生3.4级地震，震源深度5.4公里，周边震感因烈度而异。
eq_158,甘肃5.9级地震,2018-08-22 18:35:18,5.9,68.4,甘肃,36.7046,92.1547,Ⅳ,甘肃地区发生5.9级地震，震源深度68.4公里，周边震感因烈度而异。
eq_159,湖北5.6级地震,2022-09-13 15:15:26,5.6,22.1,湖北,29.1621,111.1383,Ⅳ,湖北地区发生5.6级地震，震源深度22.1公里，周边震感因烈度而异。
eq_160,新疆4.2级地震,2025-04-28 02:38:11,4.2,9.8,新疆,39.4698,94.461,Ⅲ,新疆地区发生4.2级地震，震源深度9.8公里，周边震感因烈度而异。
eq_161,云南6.7级地震,2024-08-20 17:40:59,6.7,29.2,云南,22.9962,98.8223,Ⅳ-Ⅴ,云南地区发生6.7级地震，震源深度29.2公里，周边震感因烈度而异。
eq_162,海南6.6级地震,2025-11-29 00:57:15,6.6,51.7,海南,19.3655,108.8864,Ⅳ-Ⅴ,海南地区发生6.6级地震，震源深度51.7公里，周边震感因烈度而异。
eq_163,河北6.5级地震,2018-03-19 00:12:19,6.5,117.3,河北,40.8646,119.1699,Ⅳ-Ⅴ,河北地区发生6.5级地震，震源深度117.3公里，周边震感因烈度而异。
eq_164,甘肃5.8级地震,2025-05-08 13:17:00,5.8,43.2,甘肃,42.239,104.8358,Ⅳ,甘肃地区发生5.8级地震，震源深度43.2公里，周边震感因烈度而异。
eq_165,浙江6.2级地震,2025-06-02 17:28:09,6.2,35.7,浙江,30.5432,118.5405,Ⅳ-Ⅴ,浙江地区发生6.2级地震，震源深度35.7公里，周边震感因烈度而异。
eq_166,云南6.5级地震,2020-08-06 04:40:49,6.5,30.6,云南,27.5327,101.6824,Ⅳ-Ⅴ,云南地区发生6.5级地震，震源深度30.6公里，周边震感因烈度而异。
eq_167,江西6.1级地震,2020-10-16 20:59:06,6.1,31.2,江西,24.6302,114.0622,Ⅳ-Ⅴ,江西地区发生6.1级地震，震源深度31.2公里，周边震感因烈度而异。
eq_168,山西6.5级地震,2021-05-26 18:10:49,6.5,116.2,山西,35.9539,113.2074,Ⅳ-Ⅴ,山西地区发生6.5级地震，震源深度116.2公里，周边震感因烈度而异。
eq_169,内蒙古7.1级地震,2020-03-22 13:37:00,7.1,66.7,内蒙古,49.6797,100.3449,Ⅴ,内蒙古地区发生7.1级地震，震源深度66.7公里，周边震感因烈度而异。
eq_170,甘肃5.0级地震,2020-12-10 00:17:56,5.0,118.1,甘肃,32.4208,101.5451,Ⅳ,甘肃地区发生5.0级地震，震源深度118.1公里，周边震感因烈度而异。
eq_171,浙江6.1级地震,2025-08-26 15:56:02,6.1,55.2,浙江,31.4291,118.5782,Ⅳ-Ⅴ,浙江地区发生6.1级地震，震源深度55.2公里，周边震感因烈度而异。
eq_172,辽宁3.0级地震,2024-11-10 17:48:32,3.0,10.1,辽宁,40.6803,121.8994,Ⅱ,辽宁地区发生3.0级地震，震源深度10.1公里，周边震感因烈度而异。
eq_173,海南5.6级地震,2021-09-01 23:51:54,5.6,113.1,海南,19.6215,108.9926,Ⅳ,海南地区发生5.6级地震，震源深度113.1公里，周边震感因烈度而异。
eq_174,青海6.9级地震,2019-01-23 04:44:13,6.9,110.9,青海,35.9852,98.2874,Ⅳ-Ⅴ,青海地区发生6.9级地震，震源深度110.9公里，周边震感因烈度而异。
eq_175,浙江6.7级地震,2023-12-07 03:37:38,6.7,63.3,浙江,30.001,119.6309,Ⅳ-Ⅴ,浙江地区发生6.7级地震，震源深度63.3公里，周边震感因烈度而异。
eq_176,陕西4.9级地震,2024-05-13 08:57:20,4.9,27.1,陕西,36.9844,107.2749,Ⅲ-Ⅳ,陕西地区发生4.9级地震，震源深度27.1公里，周边震感因烈度而异。
eq_177,湖北2.9级地震,2020-08-02 02:33:31,2.9,70.4,湖北,30.8273,115.0867,Ⅱ,湖北地区发生2.9级地震，震源深度70.4公里，周边震感因烈度而异。
eq_178,陕西3.1级地震,2021-10-04 13:57:10,3.1,95.4,陕西,36.46,106.9335,Ⅱ,陕西地区发生3.1级地震，震源深度95.4公里，周边震感因烈度而异。
eq_179,贵州5.5级地震,2024-04-05 13:15:47,5.5,63.8,贵州,28.3655,109.2389,Ⅳ,贵州地区发生5.5级地震，震源深度63.8公里，周边震感因烈度而异。
eq_180,甘肃5.4级地震,2018-10-18 03:27:14,5.4,37.6,甘肃,39.3024,101.9082,Ⅳ,甘肃地区发生5.4级地震，震源深度37.6公里，周边震感因烈度而异。
eq_181,江西7.0级地震,2019-04-03 19:30:28,7.0,32.0,江西,26.2073,117.4361,Ⅴ,江西地区发生7.0级地震，震源深度32.0公里，周边震感因烈度而异。
eq_182,四川2.2级地震,2021-11-15 22:17:26,2.2,118.2,四川,31.2789,105.4534,Ⅰ,四川地区发生2.2级地震，震源深度118.2公里，周边震感因烈度而异。
eq_183,重庆6.6级地震,2021-05-26 16:16:38,6.6,71.2,重庆,30.8734,106.9199,Ⅳ-Ⅴ,重庆地区发生6.6级地震，震源深度71.2公里，周边震感因烈度而异。
eq_184,河北2.8级地震,2025-07-14 01:04:16,2.8,84.1,河北,41.356,119.0231,Ⅱ,河北地区发生2.8级地震，震源深度84.1公里，周边震感因烈度而异。
eq_185,西藏6.0级地震,2021-12-14 07:21:01,6.0,30.2,西藏,34.237,92.6141,Ⅳ-Ⅴ,西藏地区发生6.0级地震，震源深度30.2公里，周边震感因烈度而异。
eq_186,云南4.9级地震,2021-12-14 14:18:39,4.9,110.5,云南,21.9709,99.0667,Ⅲ-Ⅳ,云南地区发生4.9级地震，震源深度110.5公里，周边震感因烈度而异。
eq_187,内蒙古4.8级地震,2021-10-07 00:39:59,4.8,69.3,内蒙古,41.2835,118.9023,Ⅲ-Ⅳ,内蒙古地区发生4.8级地震，震源深度69.3公里，周边震感因烈度而异。
eq_188,吉林6.2级地震,2021-10-17 09:43:42,6.2,107.6,吉林,42.8471,130.0685,Ⅳ-Ⅴ,吉林地区发生6.2级地震，震源深度107.6公里，周边震感因烈度而异。
eq_189,湖北2.8级地震,2025-02-22 08:42:56,2.8,104.1,湖北,31.0253,114.3901,Ⅱ,湖北地区发生2.8级地震，震源深度104.1公里，周边震感因烈度而异。
eq_190,黑龙江3.4级地震,2021-09-28 15:16:41,3.4,94.4,黑龙江,46.6345,124.3494,Ⅱ,黑龙江地区发生3.4级地震，震源深度94.4公里，周边震感因烈度而异。
eq_191,青海5.7级地震,2018-09-08 08:18:20,5.7,32.0,青海,33.6868,101.5024,Ⅳ,青海地区发生5.7级地震，震源深度32.0公里，周边震感因烈度而异。
eq_192,新疆2.8级地震,2021-07-12 22:47:33,2.8,49.0,新疆,36.2921,77.9209,Ⅱ,新疆地区发生2.8级地震，震源深度49.0公里，周边震感因烈度而异。
eq_193,重庆3.7级地震,2021-04-25 01:29:44,3.7,58.6,重庆,28.2491,109.1645,Ⅱ-Ⅲ,重庆地区发生3.7级地震，震源深度58.6公里，周边震感因烈度而异。
eq_194,湖北6.0级地震,2022-11-24 14:35:01,6.0,113.8,湖北,29.0879,115.4856,Ⅳ-Ⅴ,湖北地区发生6.0级地震，震源深度113.8公里，周边震感因烈度而异。
eq_195,河南4.5级地震,2025-08-02 05:36:43,4.5,113.4,河南,32.6424,112.5349,Ⅲ-Ⅳ,河南地区发生4.5级地震，震源深度113.4公里，周边震感因烈度而异。
eq_196,江西4.2级地震,2019-11-17 04:33:24,4.2,91.0,江西,27.5037,116.3179,Ⅲ,江西地区发生4.2级地震，震源深度91.0公里，周边震感因烈度而异。
eq_197,广东3.1级地震,2023-10-12 00:29:21,3.1,55.1,广东,20.1596,111.8571,Ⅱ,广东地区发生3.1级地震，震源深度55.1公里，周边震感因烈度而异。
eq_198,福建4.1级地震,2023-04-18 06:50:31,4.1,24.0,福建,25.837,116.5743,Ⅲ,福建地区发生4.1级地震，震源深度24.0公里，周边震感因烈度而异。
eq_199,海南2.1级地震,2023-06-20 22:53:15,2.1,50.3,海南,19.2417,108.5678,Ⅰ,海南地区发生2.1级地震，震源深度50.3公里，周边震感因烈度而异。
eq_200,重庆2.7级地震,2019-10-20 14:32:05,2.7,58.1,重庆,28.2011,106.8955,Ⅱ,重庆地区发生2.7级地震，震源深度58.1公里，周边震感因烈度而异。
eq_201,贵州3.7级地震,2025-01-28 16:46:15,3.7,92.5,贵州,26.0852,107.8881,Ⅱ-Ⅲ,贵州地区发生3.7级地震，震源深度92.5公里，周边震感因烈度而异。
eq_202,重庆3.3级地震,2020-12-23 06:56:04,3.3,14.4,重庆,28.0775,107.6971,Ⅱ,重庆地区发生3.3级地震，震源深度14.4公里，周边震感因烈度而异。
eq_203,河北5.4级地震,2020-02-08 06:46:46,5.4,94.8,河北,39.9105,118.2796,Ⅳ,河北地区发生5.4级地震，震源深度94.8公里，周边震感因烈度而异。
eq_204,台湾6.4级地震,2018-12-22 09:29:43,6.4,76.5,台湾,22.4542,120.9207,Ⅳ-Ⅴ,台湾地区发生6.4级地震，震源深度76.5公里，周边震感因烈度而异。
eq_205,辽宁6.9级地震,2023-02-26 10:38:01,6.9,58.5,辽宁,39.7812,120.7667,Ⅳ-Ⅴ,辽宁地区发生6.9级地震，震源深度58.5公里，周边震感因烈度而异。
eq_206,吉林7.0级地震,2020-08-24 08:44:34,7.0,87.6,吉林,44.7779,122.6377,Ⅴ,吉林地区发生7.0级地震，震源深度87.6公里，周边震感因烈度而异。
eq_207,西藏5.0级地震,2021-03-12 00:54:54,5.0,111.8,西藏,32.1822,97.0685,Ⅳ,西藏地区发生5.0级地震，震源深度111.8公里，周边震感因烈度而异。
eq_208,河南6.9级地震,2020-01-25 12:09:45,6.9,27.8,河南,34.2565,115.3987,Ⅳ-Ⅴ,河南地区发生6.9级地震，震源深度27.8公里，周边震感因烈度而异。
eq_209,西藏5.6级地震,2024-10-09 19:00:15,5.6,39.7,西藏,33.1583,94.9161,Ⅳ,西藏地区发生5.6级地震，震源深度39.7公里，周边震感因烈度而异。
eq_210,辽宁6.1级地震,2022-04-21 23:10:15,6.1,44.9,辽宁,40.6419,120.7793,Ⅳ-Ⅴ,辽宁地区发生6.1级地震，震源深度44.9公里，周边震感因烈度而异。
eq_211,黑龙江3.8级地震,2021-01-30 06:41:50,3.8,102.7,黑龙江,49.1675,122.4775,Ⅱ-Ⅲ,黑龙江地区发生3.8级地震，震源深度102.7公里，周边震感因烈度而异。
eq_212,黑龙江6.6级地震,2022-06-10 00:15:25,6.6,57.9,黑龙江,44.1474,123.4659,Ⅳ-Ⅴ,黑龙江地区发生6.6级地震，震源深度57.9公里，周边震感因烈度而异。
eq_213,黑龙江3.4级地震,2021-09-15 06:47:16,3.4,97.9,黑龙江,47.0363,127.769,Ⅱ,黑龙江地区发生3.4级地震，震源深度97.9公里，周边震感因烈度而异。
eq_214,江西5.8级地震,2018-09-27 06:03:14,5.8,35.9,江西,29.1844,117.569,Ⅳ,江西地区发生5.8级地震，震源深度35.9公里，周边震感因烈度而异。
eq_215,山西6.6级地震,2021-03-23 11:29:26,6.6,33.0,山西,37.253,113.0517,Ⅳ-Ⅴ,山西地区发生6.6级地震，震源深度33.0公里，周边震感因烈度而异。
eq_216,宁夏2.1级地震,2024-10-14 18:41:33,2.1,102.9,宁夏,35.7274,104.6364,Ⅰ,宁夏地区发生2.1级地震，震源深度102.9公里，周边震感因烈度而异。
eq_217,山西3.8级地震,2018-02-01 12:55:18,3.8,106.2,山西,38.9083,111.3813,Ⅱ-Ⅲ,山西地区发生3.8级地震，震源深度106.2公里，周边震感因烈度而异。
eq_218,广西6.9级地震,2024-06-13 12:51:14,6.9,14.8,广西,24.9604,107.9086,Ⅳ-Ⅴ,广西地区发生6.9级地震，震源深度14.8公里，周边震感因烈度而异。
eq_219,河北5.6级地震,2018-10-17 02:33:38,5.6,79.3,河北,38.9449,118.5505,Ⅳ,河北地区发生5.6级地震，震源深度79.3公里，周边震感因烈度而异。
eq_220,陕西3.2级地震,2022-01-10 08:51:35,3.2,84.6,陕西,33.7559,108.4893,Ⅱ,陕西地区发生3.2级地震，震源深度84.6公里，周边震感因烈度而异。
eq_221,海南4.8级地震,2023-12-24 16:39:47,4.8,53.9,海南,19.6411,109.327,Ⅲ-Ⅳ,海南地区发生4.8级地震，震源深度53.9公里，周边震感因烈度而异。
eq_222,贵州3.4级地震,2019-01-07 10:38:51,3.4,33.9,贵州,24.6636,104.2518,Ⅱ,贵州地区发生3.4级地震，震源深度33.9公里，周边震感因烈度而异。
eq_223,浙江4.8级地震,2022-02-13 08:27:48,4.8,92.7,浙江,27.8332,119.0819,Ⅲ-Ⅳ,浙江地区发生4.8级地震，震源深度92.7公里，周边震感因烈度而异。
eq_224,山西5.8级地震,2018-11-09 07:46:11,5.8,117.3,山西,37.6725,111.415,Ⅳ,山西地区发生5.8级地震，震源深度117.3公里，周边震感因烈度而异。
eq_225,江西3.0级地震,2022-07-18 11:59:57,3.0,31.2,江西,25.4869,113.0778,Ⅱ,江西地区发生3.0级地震，震源深度31.2公里，周边震感因烈度而异。
eq_226,新疆3.4级地震,2019-01-28 08:04:52,3.4,117.0,新疆,42.3004,89.0406,Ⅱ,新疆地区发生3.4级地震，震源深度117.0公里，周边震感因烈度而异。
eq_227,黑龙江6.5级地震,2021-12-29 08:46:22,6.5,61.5,黑龙江,49.5454,129.0369,Ⅳ-Ⅴ,黑龙江地区发生6.5级地震，震源深度61.5公里，周边震感因烈度而异。
eq_228,广东4.3级地震,2022-01-24 06:04:13,4.3,26.2,广东,20.2826,116.999,Ⅲ,广东地区发生4.3级地震，震源深度26.2公里，周边震感因烈度而异。
eq_229,西藏6.3级地震,2018-06-16 13:22:56,6.3,51.1,西藏,27.6667,91.2184,Ⅳ-Ⅴ,西藏地区发生6.3级地震，震源深度51.1公里，周边震感因烈度而异。
eq_230,新疆2.8级地震,2019-01-04 00:23:19,2.8,69.7,新疆,38.5575,95.8601,Ⅱ,新疆地区发生2.8级地震，震源深度69.7公里，周边震感因烈度而异。
eq_231,海南6.0级地震,2022-06-12 13:49:56,6.0,74.7,海南,19.7396,109.0642,Ⅳ-Ⅴ,海南地区发生6.0级地震，震源深度74.7公里，周边震感因烈度而异。
eq_232,河南4.3级地震,2020-08-06 18:48:04,4.3,55.9,河南,35.7309,116.4352,Ⅲ,河南地区发生4.3级地震，震源深度55.9公里，周边震感因烈度而异。
eq_233,辽宁5.2级地震,2019-10-08 13:47:20,5.2,75.1,辽宁,42.2004,125.1069,Ⅳ,辽宁地区发生5.2级地震，震源深度75.1公里，周边震感因烈度而异。
eq_234,黑龙江3.1级地震,2018-08-22 05:14:33,3.1,80.9,黑龙江,44.1779,123.4334,Ⅱ,黑龙江地区发生3.1级地震，震源深度80.9公里，周边震感因烈度而异。
eq_235,甘肃2.0级地震,2019-12-21 04:07:08,2.0,56.8,甘肃,38.5319,96.6601,Ⅰ,甘肃地区发生2.0级地震，震源深度56.8公里，周边震感因烈度而异。
eq_236,陕西5.7级地震,2025-11-10 11:48:03,5.7,85.8,陕西,35.0863,109.1243,Ⅳ,陕西地区发生5.7级地震，震源深度85.8公里，周边震感因烈度而异。
eq_237,山西6.1级地震,2021-08-13 20:39:33,6.1,76.9,山西,38.6283,114.6683,Ⅳ-Ⅴ,山西地区发生6.1级地震，震源深度76.9公里，周边震感因烈度而异。
eq_238,西藏4.8级地震,2018-08-10 20:42:12,4.8,79.5,西藏,35.1757,95.3593,Ⅲ-Ⅳ,西藏地区发生4.8级地震，震源深度79.5公里，周边震感因烈度而异。
eq_239,云南2.9级地震,2020-06-15 16:21:55,2.9,40.4,云南,26.9917,102.5537,Ⅱ,云南地区发生2.9级地震，震源深度40.4公里，周边震感因烈度而异。
eq_240,贵州2.6级地震,2022-04-04 21:54:37,2.6,84.2,贵州,27.8485,109.1274,Ⅱ,贵州地区发生2.6级地震，震源深度84.2公里，周边震感因烈度而异。
eq_241,海南4.6级地震,2020-09-28 10:02:20,4.6,14.3,海南,18.0877,109.5801,Ⅲ-Ⅳ,海南地区发生4.6级地震，震源深度14.3公里，周边震感因烈度而异。
eq_242,吉林3.3级地震,2022-11-23 01:57:14,3.3,15.5,吉林,45.7905,129.3596,Ⅱ,吉林地区发生3.3级地震，震源深度15.5公里，周边震感因烈度而异。
eq_243,辽宁6.9级地震,2018-05-05 23:53:27,6.9,120.0,辽宁,41.8614,120.0213,Ⅳ-Ⅴ,辽宁地区发生6.9级地震，震源深度120.0公里，周边震感因烈度而异。
eq_244,安徽5.9级地震,2019-07-18 20:48:40,5.9,59.1,安徽,32.5833,118.6223,Ⅳ,安徽地区发生5.9级地震，震源深度59.1公里，周边震感因烈度而异。
eq_245,辽宁4.3级地震,2021-06-22 16:38:27,4.3,98.6,辽宁,43.3453,121.5251,Ⅲ,辽宁地区发生4.3级地震，震源深度98.6公里，周边震感因烈度而异。
eq_246,宁夏3.7级地震,2022-03-20 08:50:53,3.7,17.0,宁夏,35.6433,105.2349,Ⅱ-Ⅲ,宁夏地区发生3.7级地震，震源深度17.0公里，周边震感因烈度而异。
eq_247,陕西5.4级地震,2018-10-01 14:12:50,5.4,51.1,陕西,37.8445,105.2202,Ⅳ,陕西地区发生5.4级地震，震源深度51.1公里，周边震感因烈度而异。
eq_248,宁夏3.3级地震,2025-01-06 23:01:48,3.3,18.3,宁夏,38.0902,106.5947,Ⅱ,宁夏地区发生3.3级地震，震源深度18.3公里，周边震感因烈度而异。
eq_249,四川5.4级地震,2021-01-29 00:13:27,5.4,67.4,四川,29.8927,99.0634,Ⅳ,四川地区发生5.4级地震，震源深度67.4公里，周边震感因烈度而异。
eq_250,吉林5.9级地震,2022-09-03 08:47:05,5.9,76.9,吉林,44.6799,123.0356,Ⅳ,吉林地区发生5.9级地震，震源深度76.9公里，周边震感因烈度而异。
eq_251,新疆6.8级地震,2023-05-12 09:51:56,6.8,55.4,新疆,44.4738,75.7928,Ⅳ-Ⅴ,新疆地区发生6.8级地震，震源深度55.4公里，周边震感因烈度而异。
eq_252,吉林6.2级地震,2021-06-21 13:59:27,6.2,86.6,吉林,42.2091,121.1367,Ⅳ-Ⅴ,吉林地区发生6.2级地震，震源深度86.6公里，周边震感因烈度而异。
eq_253,青海3.2级地震,2023-07-06 08:44:05,3.2,101.8,青海,31.9077,102.2589,Ⅱ,青海地区发生3.2级地震，震源深度101.8公里，周边震感因烈度而异。
eq_254,江西2.8级地震,2021-07-14 21:12:18,2.8,112.3,江西,26.1052,116.8798,Ⅱ,江西地区发生2.8级地震，震源深度112.3公里，周边震感因烈度而异。
eq_255,江西4.5级地震,2019-08-16 04:56:21,4.5,59.3,江西,27.0123,113.7955,Ⅲ-Ⅳ,江西地区发生4.5级地震，震源深度59.3公里，周边震感因烈度而异。
eq_256,吉林4.6级地震,2024-09-20 11:07:49,4.6,106.1,吉林,45.2521,123.7625,Ⅲ-Ⅳ,吉林地区发生4.6级地震，震源深度106.1公里，周边震感因烈度而异。
eq_257,湖南4.2级地震,2020-05-28 18:00:11,4.2,112.4,湖南,27.5464,112.9233,Ⅲ,湖南地区发生4.2级地震，震源深度112.4公里，周边震感因烈度而异。
eq_258,浙江3.6级地震,2019-04-07 16:04:38,3.6,72.5,浙江,31.4951,120.4482,Ⅱ-Ⅲ,浙江地区发生3.6级地震，震源深度72.5公里，周边震感因烈度而异。
eq_259,贵州4.8级地震,2021-11-15 16:57:19,4.8,44.7,贵州,27.0355,106.5323,Ⅲ-Ⅳ,贵州地区发生4.8级地震，震源深度44.7公里，周边震感因烈度而异。
eq_260,宁夏6.5级地震,2025-04-13 12:57:12,6.5,117.8,宁夏,35.9552,105.1489,Ⅳ-Ⅴ,宁夏地区发生6.5级地震，震源深度117.8公里，周边震感因烈度而异。
eq_261,安徽4.1级地震,2021-03-30 10:39:17,4.1,41.6,安徽,31.6014,118.6104,Ⅲ,安徽地区发生4.1级地震，震源深度41.6公里，周边震感因烈度而异。
eq_262,河南7.1级地震,2018-04-26 00:22:57,7.1,96.1,河南,34.5861,110.9887,Ⅴ,河南地区发生7.1级地震，震源深度96.1公里，周边震感因烈度而异。
eq_263,新疆4.6级地震,2021-09-29 23:36:38,4.6,72.9,新疆,47.0455,93.1064,Ⅲ-Ⅳ,新疆地区发生4.6级地震，震源深度72.9公里，周边震感因烈度而异。
eq_264,西藏4.7级地震,2023-07-28 08:02:02,4.7,57.5,西藏,33.502,86.6096,Ⅲ-Ⅳ,西藏地区发生4.7级地震，震源深度57.5公里，周边震感因烈度而异。
eq_265,新疆2.4级地震,2021-05-19 22:30:17,2.4,94.9,新疆,37.9753,87.335,Ⅰ,新疆地区发生2.4级地震，震源深度94.9公里，周边震感因烈度而异。
eq_266,黑龙江2.4级地震,2020-09-10 19:58:01,2.4,42.8,黑龙江,48.0577,128.4707,Ⅰ,黑龙江地区发生2.4级地震，震源深度42.8公里，周边震感因烈度而异。
eq_267,黑龙江5.7级地震,2018-08-01 13:49:14,5.7,92.3,黑龙江,49.5429,121.5026,Ⅳ,黑龙江地区发生5.7级地震，震源深度92.3公里，周边震感因烈度而异。
eq_268,河北5.3级地震,2021-09-10 07:15:28,5.3,110.9,河北,41.9846,118.2274,Ⅳ,河北地区发生5.3级地震，震源深度110.9公里，周边震感因烈度而异。
eq_269,西藏6.0级地震,2020-07-19 09:48:32,6.0,85.9,西藏,27.9046,81.4937,Ⅳ-Ⅴ,西藏地区发生6.0级地震，震源深度85.9公里，周边震感因烈度而异。
eq_270,湖北2.2级地震,2021-08-31 02:20:04,2.2,42.3,湖北,29.2525,111.0469,Ⅰ,湖北地区发生2.2级地震，震源深度42.3公里，周边震感因烈度而异。
eq_271,新疆3.3级地震,2019-06-28 22:07:02,3.3,52.4,新疆,44.227,77.1413,Ⅱ,新疆地区发生3.3级地震，震源深度52.4公里，周边震感因烈度而异。
eq_272,青海5.2级地震,2022-12-17 19:20:51,5.2,49.0,青海,36.4651,95.9673,Ⅳ,青海地区发生5.2级地震，震源深度49.0公里，周边震感因烈度而异。
eq_273,新疆3.2级地震,2025-08-24 19:28:41,3.2,78.4,新疆,40.8936,88.3373,Ⅱ,新疆地区发生3.2级地震，震源深度78.4公里，周边震感因烈度而异。
eq_274,福建4.4级地震,2020-12-09 15:14:24,4.4,38.1,福建,26.233,116.3324,Ⅲ,福建地区发生4.4级地震，震源深度38.1公里，周边震感因烈度而异。
eq_275,辽宁3.6级地震,2020-07-27 15:49:28,3.6,115.6,辽宁,41.9516,121.4263,Ⅱ-Ⅲ,辽宁地区发生3.6级地震，震源深度115.6公里，周边震感因烈度而异。
eq_276,台湾7.2级地震,2021-01-20 05:56:05,7.2,103.1,台湾,21.9266,120.6441,Ⅴ,台湾地区发生7.2级地震，震源深度103.1公里，周边震感因烈度而异。
eq_277,辽宁3.5级地震,2021-05-14 17:24:55,3.5,85.4,辽宁,38.6097,124.2253,Ⅱ-Ⅲ,辽宁地区发生3.5级地震，震源深度85.4公里，周边震感因烈度而异。
eq_278,山西2.0级地震,2025-09-30 04:31:16,2.0,104.5,山西,39.4482,114.868,Ⅰ,山西地区发生2.0级地震，震源深度104.5公里，周边震感因烈度而异。
eq_279,吉林5.9级地震,2019-12-16 22:52:15,5.9,100.8,吉林,45.4661,128.7574,Ⅳ,吉林地区发生5.9级地震，震源深度100.8公里，周边震感因烈度而异。
eq_280,吉林6.2级地震,2024-06-05 11:55:42,6.2,30.2,吉林,41.5457,123.5063,Ⅳ-Ⅴ,吉林地区发生6.2级地震，震源深度30.2公里，周边震感因烈度而异。
eq_281,浙江6.0级地震,2023-05-04 10:40:03,6.0,83.3,浙江,27.6155,118.4858,Ⅳ-Ⅴ,浙江地区发生6.0级地震，震源深度83.3公里，周边震感因烈度而异。
eq_282,黑龙江2.2级地震,2019-02-13 06:46:28,2.2,95.7,黑龙江,43.2502,126.1081,Ⅰ,黑龙江地区发生2.2级地震，震源深度95.7公里，周边震感因烈度而异。
eq_283,青海6.7级地震,2024-09-09 14:38:45,6.7,42.6,青海,34.324,91.8111,Ⅳ-Ⅴ,青海地区发生6.7级地震，震源深度42.6公里，周边震感因烈度而异。
eq_284,海南6.6级地震,2019-05-27 05:19:17,6.6,47.1,海南,19.1039,109.1813,Ⅳ-Ⅴ,海南地区发生6.6级地震，震源深度47.1公里，周边震感因烈度而异。
eq_285,山西6.8级地震,2025-05-28 05:30:05,6.8,113.6,山西,40.7717,111.4757,Ⅳ-Ⅴ,山西地区发生6.8级地震，震源深度113.6公里，周边震感因烈度而异。
eq_286,宁夏6.2级地震,2019-12-02 23:03:02,6.2,58.9,宁夏,35.3012,106.2625,Ⅳ-Ⅴ,宁夏地区发生6.2级地震，震源深度58.9公里，周边震感因烈度而异。
eq_287,湖南5.5级地震,2022-09-28 12:14:27,5.5,82.6,湖南,26.8845,113.0745,Ⅳ,湖南地区发生5.5级地震，震源深度82.6公里，周边震感因烈度而异。
eq_288,山东2.5级地震,2021-02-19 03:44:19,2.5,50.4,山东,35.1901,115.8651,Ⅱ,山东地区发生2.5级地震，震源深度50.4公里，周边震感因烈度而异。
eq_289,内蒙古5.9级地震,2021-02-28 03:04:56,5.9,35.1,内蒙古,42.1438,115.5179,Ⅳ,内蒙古地区发生5.9级地震，震源深度35.1公里，周边震感因烈度而异。
eq_290,西藏5.5级地震,2020-10-16 01:55:14,5.5,59.2,西藏,32.5759,97.8066,Ⅳ,西藏地区发生5.5级地震，震源深度59.2公里，周边震感因烈度而异。
eq_291,吉林3.2级地震,2020-07-27 20:55:56,3.2,12.3,吉林,45.0312,130.0939,Ⅱ,吉林地区发生3.2级地震，震源深度12.3公里，周边震感因烈度而异。
eq_292,黑龙江4.1级地震,2022-03-11 12:45:14,4.1,21.1,黑龙江,50.097,125.2611,Ⅲ,黑龙江地区发生4.1级地震，震源深度21.1公里，周边震感因烈度而异。
eq_293,西藏2.5级地震,2023-09-15 03:04:32,2.5,107.0,西藏,28.221,87.5265,Ⅱ,西藏地区发生2.5级地震，震源深度107.0公里，周边震感因烈度而异。
eq_294,浙江5.6级地震,2025-07-13 21:14:13,5.6,67.1,浙江,29.643,121.633,Ⅳ,浙江地区发生5.6级地震，震源深度67.1公里，周边震感因烈度而异。
eq_295,重庆5.4级地震,2020-05-19 02:56:13,5.4,100.9,重庆,30.4626,109.6953,Ⅳ,重庆地区发生5.4级地震，震源深度100.9公里，周边震感因烈度而异。
eq_296,云南5.6级地震,2021-01-31 19:49:53,5.6,30.0,云南,24.5576,99.8889,Ⅳ,云南地区发生5.6级地震，震源深度30.0公里，周边震感因烈度而异。
eq_297,西藏7.1级地震,2018-07-08 02:56:31,7.1,47.2,西藏,35.1153,91.5414,Ⅴ,西藏地区发生7.1级地震，震源深度47.2公里，周边震感因烈度而异。
eq_298,河南3.4级地震,2018-10-12 19:39:56,3.4,116.3,河南,36.2196,115.3572,Ⅱ,河南地区发生3.4级地震，震源深度116.3公里，周边震感因烈度而异。
eq_299,内蒙古3.1级地震,2020-11-02 04:14:42,3.1,78.5,内蒙古,50.1098,98.4668,Ⅱ,内蒙古地区发生3.1级地震，震源深度78.5公里，周边震感因烈度而异。
eq_300,河北7.1级地震,2022-09-18 20:43:40,7.1,95.5,河北,37.2312,118.8087,Ⅴ,河北地区发生7.1级地震，震源深度95.5公里，周边震感因烈度而异。
eq_301,台湾5.0级地震,2024-09-16 05:32:24,5.0,98.5,台湾,22.432,121.8231,Ⅳ,台湾地区发生5.0级地震，震源深度98.5公里，周边震感因烈度而异。
eq_302,湖北5.1级地震,2022-08-06 09:23:03,5.1,36.9,湖北,33.4281,116.394,Ⅳ,湖北地区发生5.1级地震，震源深度36.9公里，周边震感因烈度而异。
eq_303,山西6.2级地震,2021-01-18 00:28:48,6.2,17.6,山西,40.0651,110.659,Ⅳ-Ⅴ,山西地区发生6.2级地震，震源深度17.6公里，周边震感因烈度而异。
eq_304,福建6.1级地震,2019-01-29 19:48:06,6.1,72.7,福建,23.5789,117.1942,Ⅳ-Ⅴ,福建地区发生6.1级地震，震源深度72.7公里，周边震感因烈度而异。
eq_305,浙江4.2级地震,2021-01-29 19:34:57,4.2,18.1,浙江,27.286,120.2414,Ⅲ,浙江地区发生4.2级地震，震源深度18.1公里，周边震感因烈度而异。
eq_306,广西5.1级地震,2024-03-09 11:10:04,5.1,57.0,广西,22.2185,108.9209,Ⅳ,广西地区发生5.1级地震，震源深度57.0公里，周边震感因烈度而异。
eq_307,福建6.7级地震,2018-04-07 18:45:36,6.7,80.8,福建,25.0082,118.895,Ⅳ-Ⅴ,福建地区发生6.7级地震，震源深度80.8公里，周边震感因烈度而异。
eq_308,云南7.2级地震,2024-01-23 08:29:30,7.2,102.4,云南,24.4102,98.8637,Ⅴ,云南地区发生7.2级地震，震源深度102.4公里，周边震感因烈度而异。
eq_309,贵州2.4级地震,2020-05-04 10:40:44,2.4,14.3,贵州,27.3456,103.4269,Ⅰ,贵州地区发生2.4级地震，震源深度14.3公里，周边震感因烈度而异。
eq_310,吉林5.3级地震,2022-07-07 09:11:06,5.3,68.1,吉林,42.2885,130.9463,Ⅳ,吉林地区发生5.3级地震，震源深度68.1公里，周边震感因烈度而异。
eq_311,陕西4.4级地震,2025-04-03 12:50:06,4.4,74.6,陕西,31.8926,109.2107,Ⅲ,陕西地区发生4.4级地震，震源深度74.6公里，周边震感因烈度而异。
eq_312,黑龙江5.4级地震,2021-11-03 22:22:28,5.4,93.4,黑龙江,48.4063,124.0103,Ⅳ,黑龙江地区发生5.4级地震，震源深度93.4公里，周边震感因烈度而异。
eq_313,湖北3.2级地震,2018-10-23 10:06:50,3.2,44.0,湖北,31.0407,111.5359,Ⅱ,湖北地区发生3.2级地震，震源深度44.0公里，周边震感因烈度而异。
eq_314,宁夏4.2级地震,2025-11-07 14:45:09,4.2,81.5,宁夏,36.4972,104.4579,Ⅲ,宁夏地区发生4.2级地震，震源深度81.5公里，周边震感因烈度而异。
eq_315,广东2.3级地震,2024-04-14 08:37:21,2.3,100.7,广东,20.5128,109.8208,Ⅰ,广东地区发生2.3级地震，震源深度100.7公里，周边震感因烈度而异。
eq_316,山东6.2级地震,2020-10-21 04:11:08,6.2,69.0,山东,36.6391,118.9311,Ⅳ-Ⅴ,山东地区发生6.2级地震，震源深度69.0公里，周边震感因烈度而异。
eq_317,内蒙古2.6级地震,2025-05-21 01:38:30,2.6,45.7,内蒙古,45.9821,118.7582,Ⅱ,内蒙古地区发生2.6级地震，震源深度45.7公里，周边震感因烈度而异。
eq_318,浙江2.3级地震,2022-04-26 11:25:19,2.3,38.1,浙江,28.406,118.518,Ⅰ,浙江地区发生2.3级地震，震源深度38.1公里，周边震感因烈度而异。
eq_319,台湾2.8级地震,2022-09-25 06:09:36,2.8,60.5,台湾,24.8891,120.5503,Ⅱ,台湾地区发生2.8级地震，震源深度60.5公里，周边震感因烈度而异。
eq_320,山东2.6级地震,2022-10-09 20:38:02,2.6,37.0,山东,35.0177,118.0038,Ⅱ,山东地区发生2.6级地震，震源深度37.0公里，周边震感因烈度而异。
eq_321,安徽6.3级地震,2025-11-26 13:32:44,6.3,75.6,安徽,32.5348,114.6181,Ⅳ-Ⅴ,安徽地区发生6.3级地震，震源深度75.6公里，周边震感因烈度而异。
eq_322,内蒙古6.3级地震,2020-08-17 23:34:04,6.3,35.8,内蒙古,39.4356,117.3783,Ⅳ-Ⅴ,内蒙古地区发生6.3级地震，震源深度35.8公里，周边震感因烈度而异。
eq_323,宁夏3.8级地震,2018-08-05 04:39:55,3.8,25.9,宁夏,35.573,105.972,Ⅱ-Ⅲ,宁夏地区发生3.8级地震，震源深度25.9公里，周边震感因烈度而异。
eq_324,新疆5.9级地震,2021-03-14 19:05:16,5.9,116.8,新疆,35.3764,85.2011,Ⅳ,新疆地区发生5.9级地震，震源深度116.8公里，周边震感因烈度而异。
eq_325,重庆4.4级地震,2022-10-30 10:50:34,4.4,23.1,重庆,29.2465,106.6219,Ⅲ,重庆地区发生4.4级地震，震源深度23.1公里，周边震感因烈度而异。
eq_326,吉林2.4级地震,2023-09-25 22:44:59,2.4,11.1,吉林,41.3658,127.1784,Ⅰ,吉林地区发生2.4级地震，震源深度11.1公里，周边震感因烈度而异。
eq_327,青海3.4级地震,2020-04-28 16:47:46,3.4,81.1,青海,34.8853,95.1886,Ⅱ,青海地区发生3.4级地震，震源深度81.1公里，周边震感因烈度而异。
eq_328,台湾5.9级地震,2023-10-09 23:36:07,5.9,18.1,台湾,23.2197,120.3497,Ⅳ,台湾地区发生5.9级地震，震源深度18.1公里，周边震感因烈度而异。
eq_329,辽宁4.5级地震,2023-02-06 00:54:29,4.5,81.7,辽宁,38.7271,120.9645,Ⅲ-Ⅳ,辽宁地区发生4.5级地震，震源深度81.7公里，周边震感因烈度而异。
eq_330,云南2.0级地震,2020-03-04 20:54:55,2.0,39.7,云南,22.6899,99.0979,Ⅰ,云南地区发生2.0级地震，震源深度39.7公里，周边震感因烈度而异。
eq_331,陕西3.7级地震,2021-03-27 06:19:18,3.7,5.9,陕西,37.7231,106.0542,Ⅱ-Ⅲ,陕西地区发生3.7级地震，震源深度5.9公里，周边震感因烈度而异。
eq_332,海南5.7级地震,2018-08-12 22:20:18,5.7,62.5,海南,19.8334,110.5155,Ⅳ,海南地区发生5.7级地震，震源深度62.5公里，周边震感因烈度而异。
eq_333,河南6.5级地震,2025-05-02 11:34:55,6.5,9.9,河南,31.1031,115.9876,Ⅳ-Ⅴ,河南地区发生6.5级地震，震源深度9.9公里，周边震感因烈度而异。
eq_334,宁夏5.0级地震,2018-12-24 19:56:57,5.0,70.9,宁夏,37.838,105.2531,Ⅳ,宁夏地区发生5.0级地震，震源深度70.9公里，周边震感因烈度而异。
eq_335,河南2.1级地震,2025-01-29 00:20:54,2.1,42.3,河南,35.4073,114.0178,Ⅰ,河南地区发生2.1级地震，震源深度42.3公里，周边震感因烈度而异。
eq_336,江苏6.8级地震,2023-01-04 13:25:33,6.8,15.1,江苏,34.7224,117.4599,Ⅳ-Ⅴ,江苏地区发生6.8级地震，震源深度15.1公里，周边震感因烈度而异。
eq_337,河南4.7级地震,2020-10-31 19:23:47,4.7,50.5,河南,32.7065,112.2068,Ⅲ-Ⅳ,河南地区发生4.7级地震，震源深度50.5公里，周边震感因烈度而异。
eq_338,安徽2.9级地震,2025-09-15 14:29:41,2.9,63.7,安徽,29.6271,116.7948,Ⅱ,安徽地区发生2.9级地震，震源深度63.7公里，周边震感因烈度而异。
eq_339,安徽3.8级地震,2020-01-05 01:28:56,3.8,88.6,安徽,33.5042,118.1677,Ⅱ-Ⅲ,安徽地区发生3.8级地震，震源深度88.6公里，周边震感因烈度而异。
eq_340,西藏2.8级地震,2023-07-30 14:17:41,2.8,27.7,西藏,32.4216,93.9645,Ⅱ,西藏地区发生2.8级地震，震源深度27.7公里，周边震感因烈度而异。
eq_341,青海2.9级地震,2024-06-18 20:32:48,2.9,93.9,青海,34.9529,99.5622,Ⅱ,青海地区发生2.9级地震，震源深度93.9公里，周边震感因烈度而异。
eq_342,辽宁4.3级地震,2023-04-25 07:43:08,4.3,111.3,辽宁,41.3225,122.7647,Ⅲ,辽宁地区发生4.3级地震，震源深度111.3公里，周边震感因烈度而异。
eq_343,宁夏6.5级地震,2021-10-05 21:25:22,6.5,77.1,宁夏,35.6038,104.2049,Ⅳ-Ⅴ,宁夏地区发生6.5级地震，震源深度77.1公里，周边震感因烈度而异。
eq_344,黑龙江3.6级地震,2020-08-22 09:41:12,3.6,36.6,黑龙江,43.4213,128.1027,Ⅱ-Ⅲ,黑龙江地区发生3.6级地震，震源深度36.6公里，周边震感因烈度而异。
eq_345,贵州4.3级地震,2025-05-09 03:09:11,4.3,11.5,贵州,28.5743,103.4988,Ⅲ,贵州地区发生4.3级地震，震源深度11.5公里，周边震感因烈度而异。
eq_346,湖南2.5级地震,2024-09-26 02:12:51,2.5,73.3,湖南,26.8069,111.482,Ⅱ,湖南地区发生2.5级地震，震源深度73.3公里，周边震感因烈度而异。
eq_347,浙江6.7级地震,2020-09-25 22:46:23,6.7,56.7,浙江,30.6442,121.2592,Ⅳ-Ⅴ,浙江地区发生6.7级地震，震源深度56.7公里，周边震感因烈度而异。
eq_348,吉林4.5级地震,2025-08-25 11:45:20,4.5,22.3,吉林,40.8403,122.035,Ⅲ-Ⅳ,吉林地区发生4.5级地震，震源深度22.3公里，周边震感因烈度而异。
eq_349,江西3.8级地震,2020-02-09 17:06:39,3.8,87.1,江西,27.275,113.9491,Ⅱ-Ⅲ,江西地区发生3.8级地震，震源深度87.1公里，周边震感因烈度而异。
eq_350,江苏4.3级地震,2021-03-04 09:51:31,4.3,55.5,江苏,33.1137,116.9525,Ⅲ,江苏地区发生4.3级地震，震源深度55.5公里，周边震感因烈度而异。
eq_351,陕西4.0级地震,2023-05-15 02:18:45,4.0,94.1,陕西,37.1101,105.3142,Ⅲ,陕西地区发生4.0级地震，震源深度94.1公里，周边震感因烈度而异。
eq_352,黑龙江3.7级地震,2020-02-22 22:10:03,3.7,42.9,黑龙江,47.1847,126.4119,Ⅱ-Ⅲ,黑龙江地区发生3.7级地震，震源深度42.9公里，周边震感因烈度而异。
eq_353,浙江6.4级地震,2018-09-11 05:13:42,6.4,115.9,浙江,29.7122,118.7519,Ⅳ-Ⅴ,浙江地区发生6.4级地震，震源深度115.9公里，周边震感因烈度而异。
eq_354,辽宁5.5级地震,2023-08-20 04:22:33,5.5,110.4,辽宁,40.0512,122.9204,Ⅳ,辽宁地区发生5.5级地震，震源深度110.4公里，周边震感因烈度而异。
eq_355,河南2.7级地震,2023-06-23 06:20:06,2.7,86.5,河南,31.466,113.633,Ⅱ,河南地区发生2.7级地震，震源深度86.5公里，周边震感因烈度而异。
eq_356,福建3.7级地震,2023-10-31 12:12:16,3.7,19.7,福建,27.0142,120.262,Ⅱ-Ⅲ,福建地区发生3.7级地震，震源深度19.7公里，周边震感因烈度而异。
eq_357,广西2.5级地震,2020-08-17 14:43:25,2.5,82.1,广西,23.7967,104.1458,Ⅱ,广西地区发生2.5级地震，震源深度82.1公里，周边震感因烈度而异。
eq_358,甘肃6.9级地震,2019-03-04 09:36:59,6.9,44.3,甘肃,40.4277,95.0721,Ⅳ-Ⅴ,甘肃地区发生6.9级地震，震源深度44.3公里，周边震感因烈度而异。
eq_359,新疆2.4级地震,2025-02-07 15:02:50,2.4,102.1,新疆,35.5171,90.7301,Ⅰ,新疆地区发生2.4级地震，震源深度102.1公里，周边震感因烈度而异。
eq_360,浙江6.6级地震,2019-02-12 03:43:29,6.6,9.3,浙江,28.5154,121.8315,Ⅳ-Ⅴ,浙江地区发生6.6级地震，震源深度9.3公里，周边震感因烈度而异。
eq_361,吉林4.0级地震,2024-11-18 14:40:19,4.0,23.7,吉林,45.0724,128.711,Ⅲ,吉林地区发生4.0级地震，震源深度23.7公里，周边震感因烈度而异。
eq_362,湖北2.9级地震,2020-01-08 23:32:06,2.9,55.3,湖北,30.8489,113.7491,Ⅱ,湖北地区发生2.9级地震，震源深度55.3公里，周边震感因烈度而异。
eq_363,贵州5.2级地震,2020-01-14 01:41:44,5.2,91.5,贵州,28.3109,104.521,Ⅳ,贵州地区发生5.2级地震，震源深度91.5公里，周边震感因烈度而异。
eq_364,陕西7.0级地震,2023-10-09 10:13:21,7.0,95.2,陕西,39.1358,106.1641,Ⅴ,陕西地区发生7.0级地震，震源深度95.2公里，周边震感因烈度而异。
eq_365,辽宁7.1级地震,2022-06-27 18:15:09,7.1,58.1,辽宁,39.9089,120.864,Ⅴ,辽宁地区发生7.1级地震，震源深度58.1公里，周边震感因烈度而异。
eq_366,重庆7.0级地震,2020-02-16 17:35:27,7.0,98.9,重庆,31.205,105.692,Ⅴ,重庆地区发生7.0级地震，震源深度98.9公里，周边震感因烈度而异。
eq_367,云南5.3级地震,2025-03-13 02:17:58,5.3,105.5,云南,25.4363,98.8207,Ⅳ,云南地区发生5.3级地震，震源深度105.5公里，周边震感因烈度而异。
eq_368,广西6.4级地震,2025-09-13 16:31:25,6.4,37.8,广西,25.1971,106.1823,Ⅳ-Ⅴ,广西地区发生6.4级地震，震源深度37.8公里，周边震感因烈度而异。
eq_369,广西2.8级地震,2021-11-02 14:32:27,2.8,55.3,广西,26.2053,105.7763,Ⅱ,广西地区发生2.8级地震，震源深度55.3公里，周边震感因烈度而异。
eq_370,湖北3.8级地震,2020-01-03 12:53:14,3.8,8.1,湖北,29.2397,112.2671,Ⅱ-Ⅲ,湖北地区发生3.8级地震，震源深度8.1公里，周边震感因烈度而异。
eq_371,河南7.2级地震,2025-02-20 05:31:08,7.2,48.1,河南,31.155,116.0504,Ⅴ,河南地区发生7.2级地震，震源深度48.1公里，周边震感因烈度而异。
eq_372,江苏5.4级地震,2025-01-21 23:30:29,5.4,96.0,江苏,31.188,117.7213,Ⅳ,江苏地区发生5.4级地震，震源深度96.0公里，周边震感因烈度而异。
eq_373,广东5.6级地震,2018-01-17 07:33:26,5.6,21.0,广东,23.8804,112.8131,Ⅳ,广东地区发生5.6级地震，震源深度21.0公里，周边震感因烈度而异。
eq_374,湖北2.4级地震,2024-03-09 10:33:21,2.4,34.4,湖北,32.7573,112.6648,Ⅰ,湖北地区发生2.4级地震，震源深度34.4公里，周边震感因烈度而异。
eq_375,吉林4.7级地震,2018-05-29 08:27:24,4.7,17.8,吉林,42.0846,124.0115,Ⅲ-Ⅳ,吉林地区发生4.7级地震，震源深度17.8公里，周边震感因烈度而异。
eq_376,河北4.2级地震,2025-09-13 04:38:36,4.2,96.3,河北,38.7427,113.776,Ⅲ,河北地区发生4.2级地震，震源深度96.3公里，周边震感因烈度而异。
eq_377,广东5.1级地震,2019-03-23 01:51:55,5.1,6.9,广东,22.8346,111.0565,Ⅳ,广东地区发生5.1级地震，震源深度6.9公里，周边震感因烈度而异。
eq_378,陕西4.2级地震,2023-08-27 03:06:53,4.2,75.7,陕西,33.1651,107.4994,Ⅲ,陕西地区发生4.2级地震，震源深度75.7公里，周边震感因烈度而异。
eq_379,内蒙古2.4级地震,2022-04-26 05:05:41,2.4,117.1,内蒙古,37.9137,112.2557,Ⅰ,内蒙古地区发生2.4级地震，震源深度117.1公里，周边震感因烈度而异。
eq_380,福建7.1级地震,2023-05-29 23:02:58,7.1,68.7,福建,25.4523,118.1156,Ⅴ,福建地区发生7.1级地震，震源深度68.7公里，周边震感因烈度而异。
eq_381,河南7.1级地震,2020-12-07 06:20:15,7.1,34.2,河南,31.0893,115.1254,Ⅴ,河南地区发生7.1级地震，震源深度34.2公里，周边震感因烈度而异。
eq_382,河北5.8级地震,2020-10-30 02:23:04,5.8,77.2,河北,40.629,118.1463,Ⅳ,河北地区发生5.8级地震，震源深度77.2公里，周边震感因烈度而异。
eq_383,新疆2.2级地震,2024-08-17 17:04:57,2.2,67.8,新疆,46.2026,77.027,Ⅰ,新疆地区发生2.2级地震，震源深度67.8公里，周边震感因烈度而异。
eq_384,内蒙古4.4级地震,2018-07-16 01:07:01,4.4,85.0,内蒙古,45.5284,120.5334,Ⅲ,内蒙古地区发生4.4级地震，震源深度85.0公里，周边震感因烈度而异。
eq_385,江苏6.0级地震,2019-09-12 17:32:55,6.0,57.6,江苏,31.9672,116.2628,Ⅳ-Ⅴ,江苏地区发生6.0级地震，震源深度57.6公里，周边震感因烈度而异。
eq_386,湖北2.2级地震,2022-08-15 03:18:12,2.2,112.3,湖北,31.3192,116.4075,Ⅰ,湖北地区发生2.2级地震，震源深度112.3公里，周边震感因烈度而异。
eq_387,广东3.3级地震,2024-08-22 23:46:03,3.3,91.6,广东,21.0511,112.0343,Ⅱ,广东地区发生3.3级地震，震源深度91.6公里，周边震感因烈度而异。
eq_388,云南6.5级地震,2025-07-26 12:55:18,6.5,43.2,云南,21.9958,100.9442,Ⅳ-Ⅴ,云南地区发生6.5级地震，震源深度43.2公里，周边震感因烈度而异。
eq_389,河南5.9级地震,2022-03-22 15:35:39,5.9,107.9,河南,33.1265,116.3292,Ⅳ,河南地区发生5.9级地震，震源深度107.9公里，周边震感因烈度而异。
eq_390,江苏4.6级地震,2024-03-08 23:06:46,4.6,111.3,江苏,33.0964,120.8069,Ⅲ-Ⅳ,江苏地区发生4.6级地震，震源深度111.3公里，周边震感因烈度而异。
eq_391,重庆2.4级地震,2020-09-24 23:15:37,2.4,74.3,重庆,31.2894,107.7274,Ⅰ,重庆地区发生2.4级地震，震源深度74.3公里，周边震感因烈度而异。
eq_392,西藏2.4级地震,2021-08-16 21:31:02,2.4,81.0,西藏,29.7585,90.6551,Ⅰ,西藏地区发生2.4级地震，震源深度81.0公里，周边震感因烈度而异。
eq_393,甘肃5.6级地震,2020-12-31 08:43:39,5.6,45.4,甘肃,32.4659,105.9206,Ⅳ,甘肃地区发生5.6级地震，震源深度45.4公里，周边震感因烈度而异。
eq_394,吉林7.2级地震,2018-08-22 03:28:29,7.2,36.6,吉林,45.8902,130.479,Ⅴ,吉林地区发生7.2级地震，震源深度36.6公里，周边震感因烈度而异。
eq_395,内蒙古5.3级地震,2018-04-07 18:00:47,5.3,46.8,内蒙古,47.8148,116.7029,Ⅳ,内蒙古地区发生5.3级地震，震源深度46.8公里，周边震感因烈度而异。
eq_396,新疆6.4级地震,2020-01-04 05:05:27,6.4,83.0,新疆,40.5726,75.9033,Ⅳ-Ⅴ,新疆地区发生6.4级地震，震源深度83.0公里，周边震感因烈度而异。
eq_397,安徽5.4级地震,2019-04-22 17:10:43,5.4,46.6,安徽,34.2221,114.6457,Ⅳ,安徽地区发生5.4级地震，震源深度46.6公里，周边震感因烈度而异。
eq_398,内蒙古4.3级地震,2019-03-04 19:17:28,4.3,47.7,内蒙古,42.9932,99.2297,Ⅲ,内蒙古地区发生4.3级地震，震源深度47.7公里，周边震感因烈度而异。
eq_399,广西3.9级地震,2018-03-22 12:14:18,3.9,41.2,广西,22.5328,111.6842,Ⅱ-Ⅲ,广西地区发生3.9级地震，震源深度41.2公里，周边震感因烈度而异。
eq_400,浙江3.0级地震,2024-08-04 17:32:24,3.0,64.5,浙江,31.1109,118.5888,Ⅱ,浙江地区发生3.0级地震，震源深度64.5公里，周边震感因烈度而异。
eq_401,山西5.7级地震,2022-03-07 02:32:28,5.7,29.7,山西,38.2831,113.4699,Ⅳ,山西地区发生5.7级地震，震源深度29.7公里，周边震感因烈度而异。
eq_402,台湾2.6级地震,2021-10-14 21:53:44,2.6,103.1,台湾,23.3082,122.196,Ⅱ,台湾地区发生2.6级地震，震源深度103.1公里，周边震感因烈度而异。
eq_403,青海6.2级地震,2024-01-14 11:10:24,6.2,116.3,青海,38.8926,98.3498,Ⅳ-Ⅴ,青海地区发生6.2级地震，震源深度116.3公里，周边震感因烈度而异。
eq_404,青海4.9级地震,2024-01-14 12:54:38,4.9,38.4,青海,33.3997,91.2051,Ⅲ-Ⅳ,青海地区发生4.9级地震，震源深度38.4公里，周边震感因烈度而异。
eq_405,江苏5.3级地震,2019-09-17 10:10:56,5.3,96.3,江苏,33.0438,116.7282,Ⅳ,江苏地区发生5.3级地震，震源深度96.3公里，周边震感因烈度而异。
eq_406,福建2.7级地震,2021-02-20 04:00:37,2.7,95.9,福建,23.6314,118.4931,Ⅱ,福建地区发生2.7级地震，震源深度95.9公里，周边震感因烈度而异。
eq_407,贵州6.2级地震,2020-08-18 22:23:15,6.2,68.4,贵州,27.3657,103.5604,Ⅳ-Ⅴ,贵州地区发生6.2级地震，震源深度68.4公里，周边震感因烈度而异。
eq_408,河南7.2级地震,2025-01-02 00:38:06,7.2,87.7,河南,33.8913,114.9996,Ⅴ,河南地区发生7.2级地震，震源深度87.7公里，周边震感因烈度而异。
eq_409,辽宁2.4级地震,2023-10-15 00:36:06,2.4,116.8,辽宁,41.7117,121.3748,Ⅰ,辽宁地区发生2.4级地震，震源深度116.8公里，周边震感因烈度而异。
eq_410,广西3.8级地震,2019-07-20 08:09:17,3.8,106.0,广西,25.2914,109.1184,Ⅱ-Ⅲ,广西地区发生3.8级地震，震源深度106.0公里，周边震感因烈度而异。
eq_411,安徽7.0级地震,2019-01-21 18:07:27,7.0,54.8,安徽,34.0089,114.7494,Ⅴ,安徽地区发生7.0级地震，震源深度54.8公里，周边震感因烈度而异。
eq_412,广西2.8级地震,2020-12-11 01:21:03,2.8,23.9,广西,22.7746,109.6747,Ⅱ,广西地区发生2.8级地震，震源深度23.9公里，周边震感因烈度而异。
eq_413,广西6.7级地震,2022-09-08 09:42:47,6.7,102.3,广西,22.3783,109.0805,Ⅳ-Ⅴ,广西地区发生6.7级地震，震源深度102.3公里，周边震感因烈度而异。
eq_414,山西2.7级地震,2019-06-08 22:24:14,2.7,39.8,山西,37.7343,112.5129,Ⅱ,山西地区发生2.7级地震，震源深度39.8公里，周边震感因烈度而异。
eq_415,辽宁6.9级地震,2023-02-24 02:25:38,6.9,22.7,辽宁,41.7937,123.4047,Ⅳ-Ⅴ,辽宁地区发生6.9级地震，震源深度22.7公里，周边震感因烈度而异。
eq_416,宁夏6.4级地震,2018-05-22 05:52:39,6.4,69.8,宁夏,38.3009,104.0851,Ⅳ-Ⅴ,宁夏地区发生6.4级地震，震源深度69.8公里，周边震感因烈度而异。
eq_417,黑龙江6.0级地震,2023-04-05 09:30:16,6.0,35.4,黑龙江,44.5811,129.0099,Ⅳ-Ⅴ,黑龙江地区发生6.0级地震，震源深度35.4公里，周边震感因烈度而异。
eq_418,黑龙江2.2级地震,2020-07-27 13:46:11,2.2,107.2,黑龙江,47.0918,129.9867,Ⅰ,黑龙江地区发生2.2级地震，震源深度107.2公里，周边震感因烈度而异。
eq_419,广东3.3级地震,2023-11-10 10:44:58,3.3,97.8,广东,22.2335,112.8551,Ⅱ,广东地区发生3.3级地震，震源深度97.8公里，周边震感因烈度而异。
eq_420,云南2.8级地震,2019-03-23 08:42:50,2.8,52.8,云南,24.7155,100.7215,Ⅱ,云南地区发生2.8级地震，震源深度52.8公里，周边震感因烈度而异。
eq_421,宁夏6.5级地震,2021-05-23 18:27:55,6.5,41.7,宁夏,38.9521,105.0361,Ⅳ-Ⅴ,宁夏地区发生6.5级地震，震源深度41.7公里，周边震感因烈度而异。
eq_422,新疆6.0级地震,2019-01-16 15:53:44,6.0,64.2,新疆,35.5928,78.56,Ⅳ-Ⅴ,新疆地区发生6.0级地震，震源深度64.2公里，周边震感因烈度而异。
eq_423,山西4.3级地震,2025-05-08 20:43:37,4.3,21.2,山西,34.3542,114.7269,Ⅲ,山西地区发生4.3级地震，震源深度21.2公里，周边震感因烈度而异。
eq_424,吉林4.2级地震,2025-12-11 01:33:39,4.2,115.7,吉林,45.4627,129.1348,Ⅲ,吉林地区发生4.2级地震，震源深度115.7公里，周边震感因烈度而异。
eq_425,辽宁5.7级地震,2021-12-21 08:15:29,5.7,26.8,辽宁,39.2967,125.4698,Ⅳ,辽宁地区发生5.7级地震，震源深度26.8公里，周边震感因烈度而异。
eq_426,广东6.6级地震,2021-11-21 13:35:14,6.6,62.2,广东,20.4953,112.3426,Ⅳ-Ⅴ,广东地区发生6.6级地震，震源深度62.2公里，周边震感因烈度而异。
eq_427,河北3.1级地震,2025-07-04 07:59:59,3.1,45.6,河北,36.3032,116.4643,Ⅱ,河北地区发生3.1级地震，震源深度45.6公里，周边震感因烈度而异。
eq_428,江西5.4级地震,2021-08-31 20:18:12,5.4,59.1,江西,27.4518,117.6594,Ⅳ,江西地区发生5.4级地震，震源深度59.1公里，周边震感因烈度而异。
eq_429,新疆6.6级地震,2021-05-29 13:31:51,6.6,88.7,新疆,45.4579,81.4166,Ⅳ-Ⅴ,新疆地区发生6.6级地震，震源深度88.7公里，周边震感因烈度而异。
eq_430,云南5.0级地震,2022-04-16 16:01:03,5.0,27.4,云南,25.4258,98.5883,Ⅳ,云南地区发生5.0级地震，震源深度27.4公里，周边震感因烈度而异。
eq_431,贵州6.0级地震,2019-01-05 03:11:30,6.0,37.2,贵州,29.44,107.4226,Ⅳ-Ⅴ,贵州地区发生6.0级地震，震源深度37.2公里，周边震感因烈度而异。
eq_432,新疆7.1级地震,2025-12-27 05:04:47,7.1,50.3,新疆,45.9235,80.799,Ⅴ,新疆地区发生7.1级地震，震源深度50.3公里，周边震感因烈度而异。
eq_433,山东5.9级地震,2018-05-21 18:03:47,5.9,27.9,山东,36.2911,118.5005,Ⅳ,山东地区发生5.9级地震，震源深度27.9公里，周边震感因烈度而异。
eq_434,云南2.7级地震,2023-02-27 14:03:38,2.7,43.3,云南,24.79,101.6559,Ⅱ,云南地区发生2.7级地震，震源深度43.3公里，周边震感因烈度而异。
eq_435,湖北4.7级地震,2023-03-31 09:36:29,4.7,42.7,湖北,31.7588,109.3813,Ⅲ-Ⅳ,湖北地区发生4.7级地震，震源深度42.7公里，周边震感因烈度而异。
eq_436,浙江6.4级地震,2022-03-02 21:36:49,6.4,73.3,浙江,29.2829,120.5486,Ⅳ-Ⅴ,浙江地区发生6.4级地震，震源深度73.3公里，周边震感因烈度而异。
eq_437,江苏4.9级地震,2018-12-07 12:42:37,4.9,59.6,江苏,30.5832,117.9874,Ⅲ-Ⅳ,江苏地区发生4.9级地震，震源深度59.6公里，周边震感因烈度而异。
eq_438,重庆5.0级地震,2018-03-24 18:57:21,5.0,96.6,重庆,30.9013,108.4402,Ⅳ,重庆地区发生5.0级地震，震源深度96.6公里，周边震感因烈度而异。
eq_439,吉林4.5级地震,2022-11-30 15:32:32,4.5,116.2,吉林,44.806,128.7616,Ⅲ-Ⅳ,吉林地区发生4.5级地震，震源深度116.2公里，周边震感因烈度而异。
eq_440,河北5.8级地震,2023-04-10 10:51:03,5.8,72.1,河北,37.0231,117.4032,Ⅳ,河北地区发生5.8级地震，震源深度72.1公里，周边震感因烈度而异。
eq_441,安徽6.4级地震,2023-12-17 10:37:30,6.4,22.0,安徽,32.744,114.6421,Ⅳ-Ⅴ,安徽地区发生6.4级地震，震源深度22.0公里，周边震感因烈度而异。
eq_442,西藏3.0级地震,2019-09-26 11:15:56,3.0,55.7,西藏,30.769,86.6722,Ⅱ,西藏地区发生3.0级地震，震源深度55.7公里，周边震感因烈度而异。
eq_443,重庆4.6级地震,2024-03-09 23:01:54,4.6,75.3,重庆,29.8864,109.2419,Ⅲ-Ⅳ,重庆地区发生4.6级地震，震源深度75.3公里，周边震感因烈度而异。
eq_444,云南5.7级地震,2022-01-26 05:55:33,5.7,64.6,云南,25.4871,105.985,Ⅳ,云南地区发生5.7级地震，震源深度64.6公里，周边震感因烈度而异。
eq_445,广西4.0级地震,2022-08-25 05:05:00,4.0,115.0,广西,23.5281,108.265,Ⅲ,广西地区发生4.0级地震，震源深度115.0公里，周边震感因烈度而异。
eq_446,山东5.5级地震,2020-04-01 08:16:22,5.5,104.8,山东,37.0634,120.6256,Ⅳ,山东地区发生5.5级地震，震源深度104.8公里，周边震感因烈度而异。
eq_447,吉林4.5级地震,2020-07-13 15:45:00,4.5,115.1,吉林,42.0345,123.985,Ⅲ-Ⅳ,吉林地区发生4.5级地震，震源深度115.1公里，周边震感因烈度而异。
eq_448,安徽3.5级地震,2020-12-19 16:38:59,3.5,28.8,安徽,32.8774,115.9267,Ⅱ-Ⅲ,安徽地区发生3.5级地震，震源深度28.8公里，周边震感因烈度而异。
eq_449,海南6.9级地震,2023-10-04 04:36:41,6.9,96.5,海南,18.6016,108.8047,Ⅳ-Ⅴ,海南地区发生6.9级地震，震源深度96.5公里，周边震感因烈度而异。
eq_450,海南4.0级地震,2024-11-04 20:30:19,4.0,117.7,海南,19.8004,110.8865,Ⅲ,海南地区发生4.0级地震，震源深度117.7公里，周边震感因烈度而异。
eq_451,新疆3.5级地震,2021-10-06 09:57:12,3.5,38.1,新疆,44.7121,80.9664,Ⅱ-Ⅲ,新疆地区发生3.5级地震，震源深度38.1公里，周边震感因烈度而异。
eq_452,黑龙江3.3级地震,2025-12-08 19:18:24,3.3,60.1,黑龙江,44.5155,128.5401,Ⅱ,黑龙江地区发生3.3级地震，震源深度60.1公里，周边震感因烈度而异。
eq_453,海南5.6级地震,2020-01-24 06:58:55,5.6,20.8,海南,19.3545,109.9671,Ⅳ,海南地区发生5.6级地震，震源深度20.8公里，周边震感因烈度而异。
eq_454,云南5.5级地震,2021-07-08 01:59:00,5.5,66.1,云南,26.1036,98.4199,Ⅳ,云南地区发生5.5级地震，震源深度66.1公里，周边震感因烈度而异。
eq_455,宁夏5.7级地震,2022-09-06 21:15:40,5.7,16.6,宁夏,38.0831,104.0155,Ⅳ,宁夏地区发生5.7级地震，震源深度16.6公里，周边震感因烈度而异。
eq_456,甘肃4.1级地震,2019-09-12 16:30:54,4.1,112.5,甘肃,41.6624,99.6392,Ⅲ,甘肃地区发生4.1级地震，震源深度112.5公里，周边震感因烈度而异。
eq_457,安徽7.0级地震,2018-10-05 22:40:28,7.0,41.9,安徽,32.5524,118.5857,Ⅴ,安徽地区发生7.0级地震，震源深度41.9公里，周边震感因烈度而异。
eq_458,黑龙江5.0级地震,2025-10-08 07:20:37,5.0,66.5,黑龙江,48.4234,134.1134,Ⅳ,黑龙江地区发生5.0级地震，震源深度66.5公里，周边震感因烈度而异。
eq_459,甘肃4.2级地震,2025-02-10 23:49:46,4.2,101.3,甘肃,42.2731,92.5814,Ⅲ,甘肃地区发生4.2级地震，震源深度101.3公里，周边震感因烈度而异。
eq_460,河南6.1级地震,2020-06-18 08:13:19,6.1,26.4,河南,35.1195,115.6699,Ⅳ-Ⅴ,河南地区发生6.1级地震，震源深度26.4公里，周边震感因烈度而异。
eq_461,湖北2.2级地震,2020-11-06 22:33:03,2.2,39.3,湖北,31.7125,115.8919,Ⅰ,湖北地区发生2.2级地震，震源深度39.3公里，周边震感因烈度而异。
eq_462,陕西4.4级地震,2019-02-21 22:40:22,4.4,78.8,陕西,35.7189,110.3356,Ⅲ,陕西地区发生4.4级地震，震源深度78.8公里，周边震感因烈度而异。
eq_463,湖南4.6级地震,2024-03-21 12:12:04,4.6,36.4,湖南,29.3529,109.9841,Ⅲ-Ⅳ,湖南地区发生4.6级地震，震源深度36.4公里，周边震感因烈度而异。
eq_464,贵州5.4级地震,2020-07-05 14:36:10,5.4,87.6,贵州,24.0775,105.1912,Ⅳ,贵州地区发生5.4级地震，震源深度87.6公里，周边震感因烈度而异。
eq_465,辽宁5.5级地震,2021-06-13 19:33:12,5.5,27.2,辽宁,41.5548,122.7904,Ⅳ,辽宁地区发生5.5级地震，震源深度27.2公里，周边震感因烈度而异。
eq_466,江西4.2级地震,2019-03-13 20:46:53,4.2,42.7,江西,26.7046,113.5246,Ⅲ,江西地区发生4.2级地震，震源深度42.7公里，周边震感因烈度而异。
eq_467,广东3.7级地震,2024-05-30 20:10:10,3.7,33.5,广东,21.4343,111.0019,Ⅱ-Ⅲ,广东地区发生3.7级地震，震源深度33.5公里，周边震感因烈度而异。
eq_468,山西7.0级地震,2023-07-24 22:09:53,7.0,39.7,山西,39.0602,110.0572,Ⅴ,山西地区发生7.0级地震，震源深度39.7公里，周边震感因烈度而异。
eq_469,山东5.6级地震,2021-06-13 14:03:12,5.6,12.1,山东,34.532,117.1476,Ⅳ,山东地区发生5.6级地震，震源深度12.1公里，周边震感因烈度而异。
eq_470,内蒙古4.6级地震,2018-12-31 19:09:08,4.6,107.9,内蒙古,46.498,106.0184,Ⅲ-Ⅳ,内蒙古地区发生4.6级地震，震源深度107.9公里，周边震感因烈度而异。
eq_471,黑龙江6.8级地震,2019-02-19 23:36:37,6.8,38.9,黑龙江,47.6097,124.0678,Ⅳ-Ⅴ,黑龙江地区发生6.8级地震，震源深度38.9公里，周边震感因烈度而异。
eq_472,广东2.8级地震,2022-09-03 09:53:34,2.8,91.0,广东,23.3316,112.5347,Ⅱ,广东地区发生2.8级地震，震源深度91.0公里，周边震感因烈度而异。
eq_473,广东5.9级地震,2023-10-15 17:58:12,5.9,97.2,广东,24.5408,115.4758,Ⅳ,广东地区发生5.9级地震，震源深度97.2公里，周边震感因烈度而异。
eq_474,安徽5.1级地震,2021-01-29 00:38:06,5.1,95.5,安徽,31.8903,116.8768,Ⅳ,安徽地区发生5.1级地震，震源深度95.5公里，周边震感因烈度而异。
eq_475,青海6.8级地震,2019-09-21 01:54:07,6.8,17.9,青海,37.6302,101.6404,Ⅳ-Ⅴ,青海地区发生6.8级地震，震源深度17.9公里，周边震感因烈度而异。
eq_476,辽宁4.8级地震,2023-10-15 14:29:23,4.8,23.9,辽宁,42.7724,121.3138,Ⅲ-Ⅳ,辽宁地区发生4.8级地震，震源深度23.9公里，周边震感因烈度而异。
eq_477,台湾5.7级地震,2018-06-22 20:30:23,5.7,61.2,台湾,25.0956,120.8364,Ⅳ,台湾地区发生5.7级地震，震源深度61.2公里，周边震感因烈度而异。
eq_478,贵州2.7级地震,2023-09-22 05:11:46,2.7,52.8,贵州,27.1015,106.6322,Ⅱ,贵州地区发生2.7级地震，震源深度52.8公里，周边震感因烈度而异。
eq_479,福建3.6级地震,2019-11-08 23:53:57,3.6,7.5,福建,24.7723,116.0136,Ⅱ-Ⅲ,福建地区发生3.6级地震，震源深度7.5公里，周边震感因烈度而异。
eq_480,辽宁2.4级地震,2018-07-07 04:59:07,2.4,53.7,辽宁,42.0019,122.0587,Ⅰ,辽宁地区发生2.4级地震，震源深度53.7公里，周边震感因烈度而异。
eq_481,湖北2.4级地震,2024-07-17 02:42:46,2.4,112.4,湖北,29.1428,111.4754,Ⅰ,湖北地区发生2.4级地震，震源深度112.4公里，周边震感因烈度而异。
eq_482,新疆6.0级地震,2025-08-01 06:39:03,6.0,117.5,新疆,43.6882,82.6683,Ⅳ-Ⅴ,新疆地区发生6.0级地震，震源深度117.5公里，周边震感因烈度而异。
eq_483,河南4.3级地震,2023-08-19 02:49:40,4.3,110.5,河南,33.0762,110.5216,Ⅲ,河南地区发生4.3级地震，震源深度110.5公里，周边震感因烈度而异。
eq_484,湖南4.8级地震,2022-07-28 04:53:46,4.8,80.2,湖南,26.5866,109.0708,Ⅲ-Ⅳ,湖南地区发生4.8级地震，震源深度80.2公里，周边震感因烈度而异。
eq_485,河南4.7级地震,2018-03-12 15:16:06,4.7,88.7,河南,32.2248,110.0226,Ⅲ-Ⅳ,河南地区发生4.7级地震，震源深度88.7公里，周边震感因烈度而异。
eq_486,陕西4.4级地震,2019-12-15 12:59:38,4.4,87.7,陕西,34.8172,107.2757,Ⅲ,陕西地区发生4.4级地震，震源深度87.7公里，周边震感因烈度而异。
eq_487,河北4.4级地震,2024-07-06 07:03:59,4.4,22.8,河北,37.1309,119.1265,Ⅲ,河北地区发生4.4级地震，震源深度22.8公里，周边震感因烈度而异。
eq_488,西藏2.2级地震,2025-07-25 03:43:39,2.2,80.9,西藏,32.5343,97.661,Ⅰ,西藏地区发生2.2级地震，震源深度80.9公里，周边震感因烈度而异。
eq_489,四川3.3级地震,2023-09-19 21:42:51,3.3,12.7,四川,31.1576,101.9109,Ⅱ,四川地区发生3.3级地震，震源深度12.7公里，周边震感因烈度而异。
eq_490,江苏6.5级地震,2022-08-04 23:24:30,6.5,33.1,江苏,30.7212,118.6338,Ⅳ-Ⅴ,江苏地区发生6.5级地震，震源深度33.1公里，周边震感因烈度而异。
eq_491,台湾5.9级地震,2019-12-29 12:20:53,5.9,94.2,台湾,22.0605,122.4805,Ⅳ,台湾地区发生5.9级地震，震源深度94.2公里，周边震感因烈度而异。
eq_492,江西6.8级地震,2024-12-17 15:01:17,6.8,71.3,江西,27.6761,117.249,Ⅳ-Ⅴ,江西地区发生6.8级地震，震源深度71.3公里，周边震感因烈度而异。
eq_493,宁夏3.2级地震,2021-07-08 21:17:02,3.2,105.8,宁夏,38.9428,105.5638,Ⅱ,宁夏地区发生3.2级地震，震源深度105.8公里，周边震感因烈度而异。
eq_494,陕西3.4级地震,2019-06-29 02:52:37,3.4,69.0,陕西,36.325,109.4113,Ⅱ,陕西地区发生3.4级地震，震源深度69.0公里，周边震感因烈度而异。
eq_495,黑龙江5.5级地震,2023-06-22 17:07:20,5.5,68.9,黑龙江,43.3516,125.8218,Ⅳ,黑龙江地区发生5.5级地震，震源深度68.9公里，周边震感因烈度而异。
eq_496,内蒙古4.0级地震,2020-07-20 17:18:24,4.0,65.3,内蒙古,46.4002,108.8395,Ⅲ,内蒙古地区发生4.0级地震，震源深度65.3公里，周边震感因烈度而异。
eq_497,河南3.0级地震,2025-04-18 06:54:33,3.0,66.9,河南,32.3253,111.4647,Ⅱ,河南地区发生3.0级地震，震源深度66.9公里，周边震感因烈度而异。
eq_498,江苏2.8级地震,2021-07-18 01:04:38,2.8,58.2,江苏,30.7881,118.4761,Ⅱ,江苏地区发生2.8级地震，震源深度58.2公里，周边震感因烈度而异。
eq_499,海南4.8级地震,2018-09-03 15:55:07,4.8,49.7,海南,18.561,109.3257,Ⅲ-Ⅳ,海南地区发生4.8级地震，震源深度49.7公里，周边震感因烈度而异。
eq_500,贵州6.4级地震,2020-04-14 01:56:48,6.4,15.6,贵州,27.9852,104.2381,Ⅳ-Ⅴ,贵州地区发生6.4级地震，震源深度15.6公里，周边震感因烈度而异。
